Strains,P. protegens Pf-5,P. protegens FDAARGOS_307,P. protegens PF-1,P. protegens PF,P. protegens SN15-2,P. protegens pf5-k2,P. protegens pf5,P. protegens pf5-k3,P. protegens PA25,P. protegens PA19,P. protegens PA14,P. protegens PA12,P. protegens PA26,P. protegens PA11,P. protegens Darke,P. protegens H78,P. protegens JUb28,P. protegens BIGb0404,P. protegens 1B1,P. protegens CHA0,P. protegens PGNR1,P. protegens CHA0-GFP,P. protegens BRIP,P. protegens K94.41,P. sp. UME65,P. sp. UMC65,P. protegens UMG3145,P. protegens APC 3760,P. protegens WS 5415,P. protegens WS 5082,P. sp. NFPP25,P. sp. NFPP16,P. sp. NFPP18,P. sp. NFPP17,P. sp. NFPP13,P. sp. NFPP14,P. sp. NFPP15,P. protegens Wayne,P. protegens Clinton,P. protegens AS15,P. sp. NFPP22,P. sp. NFPP19,P. protegens 1C5,P. protegens 3295,P. sp. NFPP10,P. sp. NFPP12,P. sp. NFPP05,P. sp. NFPP08,P. sp. NFPP09,P. protegens,P. protegens GW456-12-1-14-LB1,P. protegens Cab57,P. protegens AU20219,P. protegens AU13852,P. sp. PH1b,P. sp. Fl4BN1,P. sp. Fl5BN2,P. protegens XY2F4,P. sp. Os17,P. protegens BNJ-SS-45,P. sp. St29,P. sp. TKO29,P. sp. TKO26,P. sp. TKO30,P. sp. TKO14,P. saponiphila DSM 9751,P. fluorescens AU11706,P. protegens H1F10B,P. protegens H1F10C,P. sp. H1F10D,P. protegens H1F5C,P. protegens H1F10A,P. protegens 4,P. protegens FD6,P. protegens 11,P. protegens 15H3,P. protegens 38G2,P. protegens 12H11,P. protegens MB-090714,P. protegens MB-090624,P. sp. WS 5414,P. sp. LD120,P. sp. B6(2017),P. sp. R26(2017),P. sp. FW507-12TSA,P. sp. CMR5c,P. sp. MC042,P. sp. CMR12a,P. sp. BIOMIG1BAC,P. sp. BIOMIG1BDMA,P. sp. BIOMIG1N,P. sp. BIOMIG1BD,P. sp. MSSRFD41,P. chlororaphis subsp. aurantiaca 464,P. chlororaphis subsp. aurantiaca 449,P. chlororaphis subsp. aurantiaca CW2,P. chlororaphis subsp. aurantiaca PCM 2210,P. chlororaphis subsp. aurantiaca M12,P. chlororaphis subsp. aurantiaca zm-1,P. chlororaphis subsp. aurantiaca M71,P. chlororaphis subsp. aurantiaca StFRB508,P. chlororaphis subsp. aureofaciens 66,P. chlororaphis R47,P. chlororaphis subsp. aureofaciens ChPhzTR38,P. chlororaphis subsp. aureofaciens ChPhzTR18,P. chlororaphis PA23,P. chlororaphis YL-1,P. chlororaphis subsp. aureofaciens NBRC 3521,P. chlororaphis subsp. aureofaciens ChPhzTR36,P. sp. RW409,P. sp. GW531-T4,P. chlororaphis O6,P. chlororaphis subsp. aureofaciens C50,P. chlororaphis JV395B,P. chlororaphis subsp. aureofaciens CD,P. chlororaphis subsp. chlororaphis GP72,P. chlororaphis subsp. aureofaciens ChPhzTR39,P. chlororaphis subsp. aureofaciens ChPhzS23,P. chlororaphis JV497,P. sp. 09C 129,P. chlororaphis subsp. piscium ATCC 17809,P. chlororaphis NCTC7357,P. chlororaphis subsp. piscium ATCC 17411,P. chlororaphis WS 5014,P. sp. NFPP07,P. chlororaphis subsp. aureofaciens 30-84,P. chlororaphis 48B8,P. sp. NFIX51,P. sp. NFACC41-3,P. chlororaphis ATCC 17415,P. chlororaphis HAMBI_1977,P. chlororaphis,P. chlororaphis subsp. aurantiaca JD37,P. chlororaphis B25,P. sp. MRSN12121
P. protegens Pf-5,6234,6221,6219,6219,6217,6089,6088,6064,5926,5925,5922,5925,5924,5903,5792,5812,5774,5773,5790,5798,5797,5775,5781,5780,5784,5777,5736,5812,5759,5764,5913,5913,5911,5914,5910,5911,5907,5841,5841,5829,5743,5739,5726,5736,5711,5711,5711,5711,5712,5700,5722,5749,5512,5455,5169,4965,4962,5031,5054,5028,5005,4955,4955,4955,4951,4798,4921,4923,4922,4922,4922,4923,5062,4996,4977,4946,4947,4947,4957,4926,4904,4610,4638,4634,4559,4535,4518,4594,4532,4463,4467,4448,4603,3786,3782,3771,3778,3762,3793,3763,3764,3757,3769,3755,3751,3770,3771,3769,3748,3733,3746,3765,3764,3742,3754,3649,3695,3643,3775,3785,3780,3778,3775,3766,3770,3763,3773,3750,3752,3756,3756,3701,3737,3644,3723
P. protegens FDAARGOS_307,6221,6227,6222,6219,6219,6091,6089,6066,5928,5926,5924,5927,5925,5905,5794,5813,5776,5774,5792,5800,5799,5777,5783,5780,5786,5779,5738,5814,5761,5766,5915,5915,5913,5916,5912,5913,5909,5843,5843,5831,5744,5741,5727,5738,5713,5713,5713,5713,5714,5701,5723,5750,5513,5456,5169,4966,4963,5032,5056,5029,5006,4956,4956,4956,4952,4798,4922,4924,4923,4923,4923,4924,5063,4997,4978,4947,4948,4948,4959,4927,4906,4611,4639,4635,4560,4536,4519,4595,4533,4464,4468,4449,4604,3786,3782,3771,3779,3762,3793,3763,3765,3757,3769,3755,3751,3770,3771,3769,3748,3733,3746,3766,3764,3742,3754,3649,3695,3643,3775,3785,3780,3778,3775,3766,3770,3763,3773,3750,3752,3756,3756,3701,3737,3644,3723
P. protegens PF-1,6219,6222,6225,6217,6217,6088,6087,6065,5928,5926,5924,5927,5925,5905,5794,5812,5777,5773,5791,5801,5800,5778,5782,5781,5785,5778,5737,5814,5762,5765,5916,5915,5913,5916,5913,5914,5909,5843,5843,5832,5745,5742,5728,5739,5712,5712,5712,5712,5713,5700,5722,5751,5512,5455,5169,4966,4963,5032,5056,5029,5006,4958,4958,4958,4954,4798,4923,4924,4923,4923,4923,4924,5064,4998,4979,4948,4949,4949,4960,4928,4907,4612,4639,4635,4560,4536,4519,4595,4533,4464,4468,4449,4604,3787,3783,3772,3780,3763,3794,3764,3766,3758,3770,3756,3752,3771,3772,3770,3749,3734,3747,3766,3765,3743,3755,3650,3696,3644,3776,3786,3781,3779,3776,3767,3771,3764,3774,3751,3753,3757,3757,3702,3738,3645,3724
P. protegens PF,6219,6219,6217,6229,6215,6088,6086,6062,5925,5925,5921,5925,5924,5902,5791,5811,5774,5773,5789,5797,5797,5775,5781,5780,5783,5776,5735,5811,5758,5764,5914,5914,5911,5915,5911,5912,5908,5840,5840,5827,5743,5739,5727,5736,5711,5711,5711,5711,5712,5700,5723,5748,5510,5454,5167,4964,4961,5030,5054,5028,5004,4954,4954,4954,4950,4796,4920,4922,4921,4921,4921,4922,5060,4994,4976,4945,4946,4946,4957,4925,4904,4608,4637,4633,4558,4534,4517,4593,4531,4462,4466,4447,4602,3784,3781,3769,3777,3760,3791,3761,3763,3755,3767,3753,3749,3768,3770,3767,3746,3731,3745,3764,3763,3741,3752,3647,3693,3641,3774,3783,3778,3776,3773,3764,3768,3761,3771,3748,3750,3754,3754,3699,3735,3642,3721
P. protegens SN15-2,6217,6219,6217,6215,6229,6086,6085,6062,5925,5924,5922,5925,5923,5903,5792,5811,5774,5772,5789,5797,5796,5775,5780,5778,5782,5775,5736,5812,5758,5763,5912,5912,5910,5913,5909,5910,5906,5841,5841,5829,5743,5739,5726,5736,5711,5711,5711,5711,5712,5701,5724,5748,5513,5456,5167,4965,4962,5032,5056,5029,5006,4956,4956,4956,4952,4798,4922,4924,4923,4923,4923,4924,5062,4996,4977,4946,4947,4947,4958,4926,4906,4611,4638,4634,4560,4536,4518,4594,4532,4464,4468,4449,4604,3785,3781,3770,3778,3761,3792,3762,3764,3756,3768,3754,3750,3769,3770,3768,3747,3732,3745,3764,3763,3741,3753,3648,3697,3642,3774,3784,3779,3777,3774,3765,3769,3762,3772,3749,3751,3755,3755,3700,3736,3643,3723
P. protegens pf5-k2,6089,6091,6088,6088,6086,6334,6000,5978,5810,5809,5806,5810,5806,5788,5678,5697,5662,5662,5673,5688,5687,5666,5671,5671,5673,5666,5623,5699,5649,5653,5801,5801,5799,5802,5798,5799,5795,5727,5727,5715,5637,5633,5620,5627,5606,5605,5607,5605,5607,5598,5619,5642,5407,5358,5074,4881,4876,4939,4967,4935,4918,4871,4871,4871,4867,4718,4840,4841,4840,4840,4840,4841,4965,4903,4886,4859,4859,4859,4866,4836,4821,4530,4556,4552,4481,4455,4439,4514,4453,4389,4393,4373,4522,3733,3729,3718,3725,3710,3740,3710,3712,3702,3713,3699,3695,3714,3716,3712,3691,3678,3691,3710,3708,3687,3697,3598,3640,3592,3720,3730,3724,3722,3719,3712,3714,3706,3717,3694,3696,3701,3701,3646,3686,3593,3669
P. protegens pf5,6088,6089,6087,6086,6085,6000,6352,5985,5801,5800,5798,5800,5799,5781,5671,5693,5655,5654,5666,5681,5680,5659,5668,5661,5668,5661,5617,5693,5644,5648,5789,5789,5787,5790,5786,5787,5783,5718,5718,5708,5626,5622,5609,5618,5595,5595,5595,5595,5596,5584,5611,5633,5403,5345,5060,4865,4860,4930,4959,4928,4910,4862,4862,4862,4858,4713,4829,4832,4831,4831,4831,4832,4960,4896,4881,4850,4851,4851,4856,4827,4811,4525,4551,4549,4477,4453,4437,4511,4449,4381,4390,4370,4516,3721,3717,3707,3715,3699,3728,3699,3701,3692,3703,3690,3685,3705,3707,3703,3684,3668,3682,3699,3698,3678,3689,3590,3634,3596,3711,3721,3714,3712,3709,3701,3706,3698,3708,3686,3688,3695,3693,3638,3673,3580,3659
P. protegens pf5-k3,6064,6066,6065,6062,6062,5978,5985,6352,5781,5779,5777,5780,5777,5760,5649,5667,5630,5627,5644,5656,5656,5634,5641,5639,5642,5638,5594,5671,5617,5623,5767,5767,5765,5768,5764,5765,5760,5695,5695,5686,5598,5594,5581,5590,5568,5568,5568,5568,5570,5559,5584,5608,5377,5324,5043,4854,4852,4917,4944,4914,4894,4853,4853,4853,4849,4698,4814,4812,4811,4811,4811,4812,4948,4884,4864,4833,4834,4835,4844,4815,4797,4511,4536,4532,4464,4433,4413,4491,4433,4366,4373,4353,4501,3711,3707,3698,3706,3687,3720,3689,3689,3681,3693,3679,3678,3694,3695,3695,3674,3658,3673,3689,3689,3669,3678,3577,3623,3579,3701,3711,3703,3701,3698,3689,3693,3685,3696,3674,3677,3683,3680,3630,3663,3574,3654
P. protegens PA25,5926,5928,5928,5925,5925,5810,5801,5781,6224,6213,6210,6212,6206,6192,6024,5850,5838,5836,5839,5786,5785,5767,5782,5742,5792,5786,5811,5814,5771,5773,5813,5810,5810,5813,5810,5809,5807,5789,5788,5757,5776,5773,5782,5781,5765,5764,5764,5765,5764,5750,5741,5729,5509,5459,5199,5021,5007,5024,5012,5023,5015,4963,4963,4963,4959,4777,4926,4919,4918,4918,4918,4919,5013,4992,4937,4918,4917,4917,4946,4908,4891,4589,4592,4588,4546,4513,4522,4603,4541,4473,4476,4457,4579,3780,3776,3766,3775,3757,3779,3763,3763,3747,3758,3744,3741,3750,3753,3757,3739,3725,3744,3743,3754,3725,3740,3644,3685,3635,3775,3784,3776,3774,3771,3761,3774,3751,3766,3740,3743,3746,3747,3690,3720,3632,3720
P. protegens PA19,5925,5926,5926,5925,5924,5809,5800,5779,6213,6232,6214,6213,6212,6189,6024,5851,5838,5839,5838,5786,5785,5770,5780,5743,5792,5786,5811,5817,5772,5774,5813,5811,5811,5813,5811,5810,5807,5787,5787,5759,5777,5772,5782,5780,5764,5762,5764,5765,5766,5753,5745,5730,5509,5459,5196,5021,5007,5024,5012,5020,5015,4963,4963,4963,4959,4777,4927,4918,4917,4917,4917,4918,5013,4992,4937,4917,4916,4916,4948,4909,4891,4589,4591,4587,4546,4512,4521,4602,4541,4473,4476,4457,4579,3780,3776,3766,3775,3757,3779,3763,3763,3746,3757,3743,3740,3749,3752,3755,3738,3725,3745,3743,3753,3725,3739,3642,3685,3635,3775,3783,3775,3773,3770,3760,3773,3750,3764,3739,3742,3745,3746,3689,3720,3632,3720
P. protegens PA14,5922,5924,5924,5921,5922,5806,5798,5777,6210,6214,6229,6210,6207,6187,6024,5848,5838,5838,5836,5784,5784,5767,5778,5740,5790,5784,5809,5815,5772,5772,5809,5807,5807,5809,5807,5806,5802,5785,5785,5755,5776,5772,5781,5780,5765,5763,5764,5765,5766,5749,5742,5727,5507,5457,5194,5021,5007,5022,5010,5019,5013,4960,4960,4960,4956,4775,4925,4916,4915,4915,4915,4916,5011,4992,4935,4915,4914,4914,4946,4908,4889,4588,4589,4585,4544,4510,4519,4602,4539,4471,4474,4455,4577,3780,3776,3766,3775,3757,3779,3762,3763,3746,3757,3743,3740,3749,3752,3755,3738,3725,3744,3742,3753,3725,3739,3642,3685,3635,3774,3782,3775,3773,3770,3760,3773,3750,3764,3739,3742,3745,3746,3689,3720,3632,3719
P. protegens PA12,5925,5927,5927,5925,5925,5810,5800,5780,6212,6213,6210,6225,6206,6188,6023,5850,5839,5837,5838,5786,5787,5767,5782,5743,5791,5785,5811,5815,5771,5774,5813,5810,5809,5812,5810,5810,5807,5789,5788,5758,5775,5771,5782,5781,5763,5762,5762,5763,5764,5752,5742,5729,5509,5459,5197,5021,5007,5024,5012,5021,5015,4962,4962,4962,4958,4777,4927,4918,4917,4917,4917,4918,5013,4992,4937,4918,4917,4917,4947,4909,4891,4589,4591,4587,4546,4512,4521,4603,4541,4473,4476,4457,4579,3780,3776,3766,3775,3757,3779,3763,3763,3747,3758,3744,3741,3750,3751,3756,3739,3725,3743,3744,3754,3725,3740,3642,3685,3635,3776,3784,3776,3774,3771,3761,3774,3751,3765,3740,3743,3746,3746,3691,3720,3632,3720
P. protegens PA26,5924,5925,5925,5924,5923,5806,5799,5777,6206,6212,6207,6206,6223,6186,6023,5850,5837,5835,5837,5785,5783,5766,5779,5740,5789,5783,5809,5811,5768,5773,5812,5808,5808,5810,5808,5809,5804,5786,5786,5758,5771,5768,5780,5779,5759,5758,5758,5759,5760,5748,5740,5730,5507,5457,5195,5018,5004,5022,5010,5020,5013,4962,4962,4962,4958,4775,4925,4916,4915,4915,4915,4916,5010,4989,4935,4915,4916,4916,4944,4907,4889,4591,4589,4585,4544,4509,4520,4602,4539,4471,4474,4455,4576,3779,3775,3765,3774,3756,3778,3762,3762,3747,3758,3744,3741,3750,3750,3755,3739,3725,3744,3743,3754,3724,3740,3641,3686,3636,3774,3784,3776,3774,3771,3761,3774,3751,3765,3740,3742,3746,3747,3691,3719,3631,3719
P. protegens PA11,5903,5905,5905,5902,5903,5788,5781,5760,6192,6189,6187,6188,6186,6260,6003,5829,5817,5816,5817,5764,5763,5756,5759,5721,5770,5764,5791,5797,5749,5752,5796,5792,5792,5796,5793,5792,5793,5766,5766,5738,5754,5754,5764,5759,5748,5747,5745,5746,5747,5740,5722,5709,5494,5444,5181,5002,4988,5007,4994,5009,4996,4944,4944,4944,4940,4762,4915,4901,4900,4900,4900,4901,4992,4971,4917,4896,4896,4896,4929,4890,4877,4573,4575,4571,4532,4498,4505,4585,4524,4460,4464,4446,4562,3767,3763,3753,3762,3744,3766,3750,3750,3733,3744,3730,3727,3736,3742,3743,3725,3711,3731,3730,3740,3716,3726,3632,3672,3624,3762,3770,3762,3760,3757,3747,3760,3737,3752,3726,3729,3732,3734,3678,3707,3619,3707
P. protegens Darke,5792,5794,5794,5791,5792,5678,5671,5649,6024,6024,6024,6023,6023,6003,6107,5836,5836,5834,5822,5781,5780,5763,5774,5753,5804,5798,5787,5793,5769,5771,5815,5813,5813,5815,5813,5812,5807,5780,5780,5752,5765,5763,5773,5781,5754,5753,5753,5754,5755,5737,5736,5715,5527,5472,5184,5042,5019,5034,5017,5011,5020,4947,4947,4947,4943,4791,4931,4940,4939,4939,4939,4940,5014,5013,4955,4908,4908,4908,4936,4928,4901,4578,4515,4512,4509,4496,4509,4528,4529,4461,4464,4446,4488,3774,3770,3764,3772,3757,3773,3761,3763,3739,3743,3735,3737,3746,3747,3755,3729,3715,3734,3740,3736,3714,3733,3634,3670,3627,3775,3774,3773,3771,3768,3753,3762,3739,3750,3729,3732,3735,3736,3679,3719,3632,3720
P. protegens H78,5812,5813,5812,5811,5811,5697,5693,5667,5850,5851,5848,5850,5850,5829,5836,6259,5987,5986,5940,5896,5893,5872,5908,5831,5864,5863,5960,5918,5843,5846,5803,5801,5803,5803,5805,5805,5796,5778,5778,5749,5821,5818,5784,5796,5776,5775,5775,5776,5777,5759,5766,5825,5560,5487,5223,5022,5023,5066,5069,5067,5035,4990,4990,4990,4986,4846,4974,4950,4948,4949,4949,4949,5059,5030,5007,4979,4980,4980,4977,4942,4928,4663,4551,4547,4524,4527,4531,4558,4562,4493,4497,4477,4505,3799,3795,3789,3792,3782,3804,3775,3782,3767,3776,3767,3762,3785,3773,3777,3762,3747,3766,3773,3767,3759,3783,3661,3699,3655,3782,3792,3781,3779,3776,3771,3783,3772,3769,3761,3763,3765,3765,3713,3750,3658,3759
P. protegens JUb28,5774,5776,5777,5774,5774,5662,5655,5630,5838,5838,5838,5839,5837,5817,5836,5987,6159,6152,5966,5864,5862,5843,5878,5841,5821,5818,5922,5883,5844,5847,5785,5783,5782,5784,5781,5782,5776,5773,5773,5734,5809,5807,5780,5783,5763,5762,5762,5763,5764,5765,5726,5786,5509,5459,5189,5004,5001,5043,5032,5045,5016,4976,4976,4976,4972,4798,4928,4926,4924,4925,4925,4925,5030,5017,4967,4987,4988,4987,4987,4918,4905,4663,4553,4552,4504,4511,4525,4548,4518,4451,4455,4435,4506,3816,3812,3790,3793,3781,3798,3779,3774,3765,3778,3769,3773,3775,3757,3774,3757,3750,3765,3770,3767,3744,3761,3658,3697,3658,3780,3795,3786,3784,3781,3768,3778,3765,3768,3757,3759,3764,3764,3706,3736,3647,3736
P. protegens BIGb0404,5773,5774,5773,5773,5772,5662,5654,5627,5836,5839,5838,5837,5835,5816,5834,5986,6152,6166,5964,5861,5859,5846,5876,5841,5822,5819,5920,5888,5849,5846,5787,5785,5784,5786,5783,5783,5779,5770,5770,5736,5810,5807,5777,5778,5767,5765,5766,5767,5768,5767,5729,5782,5509,5459,5184,5003,5000,5043,5033,5044,5016,4974,4974,4974,4970,4798,4928,4926,4924,4925,4925,4925,5028,5015,4967,4988,4986,4985,4989,4917,4904,4661,4551,4550,4504,4510,4524,4545,4517,4450,4454,4434,4505,3814,3810,3788,3791,3779,3796,3778,3773,3762,3775,3766,3770,3772,3757,3772,3754,3747,3765,3767,3764,3743,3758,3657,3695,3656,3779,3792,3783,3781,3778,3765,3776,3763,3765,3755,3757,3761,3762,3704,3735,3646,3736
P. protegens 1B1,5790,5792,5791,5789,5789,5673,5666,5644,5839,5838,5836,5838,5837,5817,5822,5940,5966,5964,6139,5898,5895,5876,5894,5823,5828,5824,5865,5849,5833,5836,5799,5797,5796,5798,5797,5797,5791,5782,5782,5751,5800,5797,5764,5772,5761,5760,5760,5761,5761,5773,5731,5791,5492,5450,5193,5004,5009,5054,5042,5052,5024,4975,4975,4975,4971,4785,4927,4935,4933,4934,4933,4933,5036,5021,4967,4975,4976,4976,5000,4936,4916,4651,4559,4557,4506,4518,4523,4528,4516,4447,4450,4432,4515,3825,3821,3791,3793,3782,3799,3776,3775,3774,3783,3770,3770,3775,3767,3780,3765,3750,3763,3770,3774,3748,3765,3664,3705,3659,3781,3795,3785,3783,3780,3772,3783,3770,3773,3760,3762,3765,3766,3709,3739,3649,3742
P. protegens CHA0,5798,5800,5801,5797,5797,5688,5681,5656,5786,5786,5784,5786,5785,5764,5781,5896,5864,5861,5898,6107,6104,6081,5943,5865,5866,5863,5794,5837,5800,5801,5812,5810,5812,5811,5813,5814,5805,5785,5785,5747,5714,5711,5707,5722,5701,5700,5700,5701,5702,5708,5698,5831,5503,5449,5185,4995,5005,5053,5061,5056,5025,4967,4967,4967,4963,4812,4942,4949,4947,4948,4948,4948,5046,5025,4996,5010,5011,5011,5007,4950,4927,4664,4573,4571,4509,4526,4519,4532,4519,4450,4453,4435,4531,3822,3818,3793,3799,3786,3807,3779,3783,3778,3785,3776,3772,3787,3787,3781,3772,3754,3765,3781,3780,3762,3770,3668,3712,3663,3783,3797,3794,3792,3789,3781,3787,3775,3773,3763,3765,3768,3768,3713,3755,3662,3747
P. protegens PGNR1,5797,5799,5800,5797,5796,5687,5680,5656,5785,5785,5784,5787,5783,5763,5780,5893,5862,5859,5895,6104,6108,6080,5943,5865,5864,5861,5792,5837,5799,5800,5812,5811,5813,5813,5815,5814,5806,5784,5784,5747,5715,5712,5707,5721,5702,5701,5701,5702,5703,5708,5698,5828,5503,5448,5184,4995,5005,5053,5061,5057,5025,4967,4967,4967,4963,4812,4942,4949,4947,4948,4948,4948,5046,5025,4996,5009,5010,5010,5007,4950,4927,4663,4573,4571,4509,4526,4518,4531,4519,4450,4453,4435,4531,3822,3818,3793,3799,3786,3807,3779,3783,3777,3784,3775,3771,3786,3788,3782,3771,3753,3764,3781,3779,3763,3769,3668,3711,3662,3784,3796,3793,3791,3788,3780,3786,3774,3772,3762,3766,3767,3768,3712,3755,3662,3747
P. protegens CHA0-GFP,5775,5777,5778,5775,5775,5666,5659,5634,5767,5770,5767,5767,5766,5756,5763,5872,5843,5846,5876,6081,6080,6125,5920,5847,5848,5845,5774,5825,5783,5780,5798,5798,5801,5799,5801,5800,5795,5762,5762,5734,5699,5697,5688,5700,5693,5692,5689,5690,5695,5700,5688,5809,5489,5435,5167,4981,4991,5039,5047,5043,5010,4953,4953,4953,4949,4799,4931,4935,4933,4934,4934,4934,5032,5011,4981,4995,4994,4994,4996,4937,4915,4650,4559,4557,4498,4514,4504,4515,4504,4439,4443,4423,4520,3812,3808,3784,3790,3776,3797,3770,3774,3765,3772,3763,3759,3774,3783,3770,3760,3743,3756,3771,3768,3752,3757,3660,3701,3652,3774,3784,3781,3779,3776,3769,3775,3763,3761,3751,3755,3756,3758,3701,3746,3653,3737
P. protegens BRIP,5781,5783,5782,5781,5780,5671,5668,5641,5782,5780,5778,5782,5779,5759,5774,5908,5878,5876,5894,5943,5943,5920,6149,5870,5853,5848,5809,5839,5801,5806,5794,5790,5789,5793,5789,5790,5787,5772,5771,5723,5725,5723,5723,5741,5714,5713,5713,5714,5714,5723,5718,5834,5521,5467,5209,5015,5019,5059,5062,5071,5039,4977,4977,4977,4973,4822,4945,4954,4952,4953,4953,4953,5056,5030,4986,5001,5002,5002,5000,4960,4926,4677,4585,4583,4526,4529,4536,4565,4545,4476,4479,4461,4537,3818,3814,3789,3792,3783,3804,3775,3780,3770,3779,3767,3765,3780,3778,3773,3761,3748,3760,3777,3767,3755,3762,3664,3699,3656,3782,3793,3780,3778,3775,3770,3783,3770,3770,3759,3761,3767,3767,3709,3751,3652,3745
P. protegens K94.41,5780,5780,5781,5780,5778,5671,5661,5639,5742,5743,5740,5743,5740,5721,5753,5831,5841,5841,5823,5865,5865,5847,5870,6226,5823,5817,5763,5817,5779,5780,5775,5775,5774,5775,5774,5773,5768,5747,5747,5697,5699,5695,5686,5705,5677,5676,5676,5677,5677,5688,5685,5807,5527,5487,5169,5007,5011,5051,5072,5036,5022,4955,4955,4955,4951,4817,4948,4952,4950,4951,4951,4951,5079,5021,5008,5009,5009,5009,4989,4964,4938,4677,4578,4576,4526,4523,4499,4535,4527,4458,4461,4443,4551,3832,3828,3804,3810,3795,3823,3791,3796,3774,3800,3771,3777,3781,3790,3783,3769,3751,3765,3782,3782,3763,3769,3669,3715,3660,3797,3798,3795,3793,3790,3781,3783,3770,3776,3759,3762,3766,3767,3711,3762,3678,3760
P. sp. UME65,5784,5786,5785,5783,5782,5673,5668,5642,5792,5792,5790,5791,5789,5770,5804,5864,5821,5822,5828,5866,5864,5848,5853,5823,6370,6353,5898,5776,5746,5750,5784,5782,5781,5783,5780,5781,5779,5773,5773,5735,5689,5686,5681,5691,5673,5672,5672,5673,5675,5680,5668,5771,5579,5514,5159,5014,5011,5068,5074,5055,5036,4956,4956,4956,4952,4827,4984,4967,4965,4966,4966,4966,5055,5035,5019,4992,4992,4993,4996,4971,4934,4653,4560,4558,4522,4512,4511,4529,4562,4492,4494,4476,4527,3812,3808,3782,3785,3775,3795,3768,3775,3752,3758,3749,3748,3762,3755,3761,3745,3761,3744,3762,3752,3741,3760,3651,3682,3645,3786,3782,3796,3793,3791,3758,3765,3758,3757,3748,3751,3757,3758,3696,3736,3653,3760
P. sp. UMC65,5777,5779,5778,5776,5775,5666,5661,5638,5786,5786,5784,5785,5783,5764,5798,5863,5818,5819,5824,5863,5861,5845,5848,5817,6353,6501,5893,5775,5739,5742,5777,5776,5775,5777,5774,5774,5773,5773,5773,5729,5682,5679,5674,5684,5666,5672,5672,5666,5667,5673,5666,5767,5572,5507,5157,5013,5006,5064,5071,5074,5031,4952,4952,4952,4948,4853,5013,4961,4959,4960,4960,4960,5051,5030,5016,4991,4991,4991,4992,4966,4931,4648,4556,4554,4522,4540,4505,4525,4557,4487,4489,4471,4528,3809,3805,3785,3782,3772,3792,3764,3772,3749,3755,3746,3745,3759,3752,3759,3741,3758,3741,3758,3748,3737,3757,3648,3679,3644,3785,3779,3792,3789,3787,3754,3763,3755,3754,3745,3748,3754,3755,3693,3733,3652,3759
P. protegens UMG3145,5736,5738,5737,5735,5736,5623,5617,5594,5811,5811,5809,5811,5809,5791,5787,5960,5922,5920,5865,5794,5792,5774,5809,5763,5898,5893,6239,5850,5788,5794,5723,5723,5722,5723,5722,5720,5717,5723,5723,5702,5760,5757,5727,5742,5732,5733,5731,5732,5735,5705,5701,5720,5481,5418,5161,4974,4974,5018,4994,5016,4988,4938,4938,4938,4934,4753,4898,4904,4902,4903,4903,4903,4993,4991,4974,4907,4908,4909,4929,4892,4878,4602,4479,4477,4470,4473,4480,4511,4515,4446,4451,4430,4441,3765,3761,3757,3760,3750,3766,3744,3742,3737,3755,3732,3736,3738,3726,3737,3727,3743,3731,3731,3735,3715,3728,3630,3665,3622,3749,3757,3777,3774,3772,3735,3749,3735,3734,3728,3731,3735,3735,3675,3706,3621,3698
P. protegens APC 3760,5812,5814,5814,5811,5812,5699,5693,5671,5814,5817,5815,5815,5811,5797,5793,5918,5883,5888,5849,5837,5837,5825,5839,5817,5776,5775,5850,6239,5896,5896,5802,5801,5804,5803,5803,5802,5798,5769,5769,5741,5788,5783,5769,5775,5776,5776,5777,5777,5780,5742,5784,5760,5494,5438,5194,5040,5009,5038,5074,5071,5016,4978,4978,4978,4974,4830,4920,4927,4925,4926,4926,4926,5058,5020,4979,4971,4969,4969,4961,4931,4903,4630,4537,4534,4515,4520,4542,4548,4531,4464,4468,4449,4521,3793,3789,3779,3783,3769,3797,3771,3782,3773,3776,3761,3760,3767,3770,3766,3748,3739,3750,3763,3763,3742,3750,3649,3697,3654,3769,3776,3772,3770,3767,3760,3770,3757,3763,3744,3747,3750,3751,3696,3739,3643,3733
P. protegens WS 5415,5759,5761,5762,5758,5758,5649,5644,5617,5771,5772,5772,5771,5768,5749,5769,5843,5844,5849,5833,5800,5799,5783,5801,5779,5746,5739,5788,5896,6119,6101,5778,5778,5777,5777,5778,5776,5769,5753,5753,5728,5752,5748,5731,5752,5737,5735,5737,5737,5738,5716,5699,5745,5504,5422,5175,5006,5003,5037,5027,5039,5005,4963,4963,4963,4959,4789,4926,4926,4924,4925,4925,4925,5021,5009,4931,4934,4932,4932,4954,4916,4904,4610,4512,4511,4492,4498,4535,4520,4509,4440,4442,4424,4493,3794,3790,3789,3784,3773,3792,3769,3775,3762,3775,3763,3768,3777,3760,3772,3748,3744,3759,3764,3763,3740,3758,3660,3697,3649,3775,3782,3777,3775,3772,3760,3770,3762,3762,3753,3755,3763,3764,3700,3735,3640,3715
P. protegens WS 5082,5764,5766,5765,5764,5763,5653,5648,5623,5773,5774,5772,5774,5773,5752,5771,5846,5847,5846,5836,5801,5800,5780,5806,5780,5750,5742,5794,5896,6101,6113,5778,5776,5775,5775,5774,5774,5768,5758,5758,5727,5749,5744,5733,5756,5732,5731,5731,5732,5733,5718,5702,5748,5505,5423,5177,5008,5005,5036,5026,5039,5004,4962,4962,4962,4958,4790,4926,4926,4924,4925,4925,4925,5021,5009,4932,4933,4934,4935,4952,4916,4903,4611,4512,4511,4492,4499,4535,4522,4511,4442,4444,4426,4492,3792,3788,3787,3782,3771,3790,3768,3773,3762,3775,3763,3768,3777,3757,3773,3749,3744,3757,3764,3764,3739,3758,3658,3696,3648,3773,3782,3778,3776,3773,3761,3770,3762,3762,3753,3755,3763,3763,3700,3733,3638,3713
P. sp. NFPP25,5913,5915,5916,5914,5912,5801,5789,5767,5813,5813,5809,5813,5812,5796,5815,5803,5785,5787,5799,5812,5812,5798,5794,5775,5784,5777,5723,5802,5778,5778,6120,6113,6110,6112,6107,6113,6098,5879,5878,5838,5751,5751,5735,5747,5733,5734,5733,5733,5732,5722,5737,5766,5517,5451,5193,4980,4982,5025,5045,5026,4998,4952,4952,4952,4948,4803,4919,4929,4928,4928,4928,4929,5032,4999,4969,4947,4946,4947,4944,4920,4892,4610,4580,4579,4529,4536,4531,4537,4529,4461,4465,4444,4523,3785,3781,3772,3779,3762,3793,3765,3766,3760,3770,3760,3761,3777,3768,3763,3745,3739,3746,3768,3761,3742,3751,3660,3699,3648,3778,3786,3787,3785,3782,3766,3772,3756,3770,3745,3747,3755,3757,3694,3735,3644,3721
P. sp. NFPP16,5913,5915,5915,5914,5912,5801,5789,5767,5810,5811,5807,5810,5808,5792,5813,5801,5783,5785,5797,5810,5811,5798,5790,5775,5782,5776,5723,5801,5778,5776,6113,6121,6114,6113,6111,6111,6099,5877,5876,5835,5752,5751,5731,5745,5733,5734,5734,5734,5732,5722,5737,5765,5515,5448,5189,4978,4980,5023,5043,5023,4996,4952,4952,4952,4948,4803,4917,4927,4926,4926,4926,4927,5030,4997,4966,4943,4942,4942,4942,4918,4889,4607,4577,4576,4526,4533,4526,4535,4526,4458,4462,4441,4520,3785,3781,3772,3779,3762,3793,3764,3766,3759,3769,3759,3760,3776,3767,3763,3743,3739,3745,3768,3759,3740,3750,3660,3698,3647,3779,3785,3785,3783,3780,3764,3771,3755,3769,3744,3747,3754,3756,3693,3735,3644,3721
P. sp. NFPP18,5911,5913,5913,5911,5910,5799,5787,5765,5810,5811,5807,5809,5808,5792,5813,5803,5782,5784,5796,5812,5813,5801,5789,5774,5781,5775,5722,5804,5777,5775,6110,6114,6121,6113,6113,6110,6096,5876,5875,5839,5752,5751,5728,5745,5733,5734,5734,5733,5732,5721,5736,5764,5515,5449,5190,4979,4981,5023,5043,5023,4996,4952,4952,4952,4948,4803,4916,4926,4925,4925,4925,4926,5030,4997,4966,4943,4942,4942,4942,4918,4889,4607,4578,4577,4527,4535,4527,4536,4527,4460,4464,4443,4521,3785,3781,3772,3779,3762,3793,3764,3766,3759,3769,3759,3760,3776,3768,3764,3743,3740,3745,3768,3759,3740,3751,3660,3698,3647,3778,3785,3785,3783,3780,3764,3771,3755,3769,3744,3748,3754,3758,3693,3735,3644,3721
P. sp. NFPP17,5914,5916,5916,5915,5913,5802,5790,5768,5813,5813,5809,5812,5810,5796,5815,5803,5784,5786,5798,5811,5813,5799,5793,5775,5783,5777,5723,5803,5777,5775,6112,6113,6113,6123,6114,6109,6103,5877,5876,5837,5753,5751,5731,5746,5733,5734,5734,5734,5733,5725,5736,5766,5515,5450,5193,4981,4983,5027,5045,5028,4998,4954,4954,4954,4950,4803,4919,4929,4928,4928,4928,4929,5032,4999,4968,4945,4944,4944,4945,4920,4893,4609,4580,4579,4528,4536,4530,4537,4529,4461,4465,4444,4523,3785,3781,3772,3779,3762,3792,3764,3766,3759,3769,3759,3760,3776,3769,3763,3743,3739,3745,3768,3759,3742,3750,3660,3698,3647,3778,3785,3785,3783,3780,3764,3771,3755,3769,3744,3748,3754,3758,3693,3735,3644,3721
P. sp. NFPP13,5910,5912,5913,5911,5909,5798,5786,5764,5810,5811,5807,5810,5808,5793,5813,5805,5781,5783,5797,5813,5815,5801,5789,5774,5780,5774,5722,5803,5778,5774,6107,6111,6113,6114,6123,6112,6099,5874,5873,5838,5753,5750,5727,5744,5733,5734,5733,5734,5733,5723,5734,5764,5515,5450,5192,4979,4981,5026,5044,5026,4997,4953,4953,4953,4949,4802,4918,4928,4927,4927,4927,4928,5031,4998,4967,4944,4943,4943,4944,4919,4892,4609,4580,4579,4528,4536,4529,4538,4527,4459,4463,4442,4523,3786,3782,3773,3780,3763,3794,3765,3767,3760,3770,3760,3761,3777,3769,3765,3744,3740,3746,3769,3760,3741,3751,3661,3699,3648,3780,3786,3786,3784,3781,3765,3772,3756,3770,3745,3749,3755,3758,3694,3736,3645,3722
P. sp. NFPP14,5911,5913,5914,5912,5910,5799,5787,5765,5809,5810,5806,5810,5809,5792,5812,5805,5782,5783,5797,5814,5814,5800,5790,5773,5781,5774,5720,5802,5776,5774,6113,6111,6110,6109,6112,6120,6097,5876,5875,5838,5750,5750,5731,5744,5732,5733,5732,5732,5732,5719,5734,5762,5517,5451,5192,4978,4980,5024,5043,5024,4997,4951,4951,4951,4947,4802,4919,4929,4928,4928,4928,4929,5031,4998,4967,4944,4943,4944,4943,4919,4891,4611,4580,4579,4529,4536,4530,4537,4527,4459,4463,4442,4523,3786,3782,3773,3780,3763,3794,3766,3767,3761,3771,3761,3762,3778,3768,3765,3746,3740,3747,3769,3762,3742,3752,3661,3700,3649,3780,3787,3788,3786,3783,3767,3773,3757,3771,3746,3748,3756,3758,3695,3736,3645,3722
P. sp. NFPP15,5907,5909,5909,5908,5906,5795,5783,5760,5807,5807,5802,5807,5804,5793,5807,5796,5776,5779,5791,5805,5806,5795,5787,5768,5779,5773,5717,5798,5769,5768,6098,6099,6096,6103,6099,6097,6113,5874,5872,5837,5743,5743,5728,5741,5733,5734,5730,5731,5732,5723,5733,5757,5513,5444,5188,4977,4979,5022,5037,5023,4993,4946,4946,4946,4942,4797,4914,4924,4923,4923,4923,4924,5023,4992,4960,4938,4937,4937,4941,4915,4887,4606,4572,4570,4523,4532,4526,4531,4522,4456,4460,4438,4517,3781,3777,3769,3776,3759,3786,3763,3765,3758,3767,3758,3758,3773,3767,3761,3742,3738,3744,3766,3758,3740,3749,3660,3696,3646,3778,3784,3783,3781,3778,3763,3770,3754,3767,3743,3746,3753,3755,3692,3734,3643,3720
P. protegens Wayne,5841,5843,5843,5840,5841,5727,5718,5695,5789,5787,5785,5789,5786,5766,5780,5778,5773,5770,5782,5785,5784,5762,5772,5747,5773,5773,5723,5769,5753,5758,5879,5877,5876,5877,5874,5876,5874,6149,6122,5819,5740,5737,5732,5751,5727,5733,5733,5727,5728,5713,5704,5717,5541,5456,5169,4980,4974,5035,5003,5030,5007,4941,4941,4941,4937,4775,4934,4936,4935,4935,4935,4936,4993,4998,4933,4917,4918,4919,4944,4928,4894,4587,4532,4529,4514,4519,4528,4537,4524,4454,4457,4437,4504,3775,3771,3770,3775,3758,3777,3765,3760,3752,3758,3749,3743,3752,3746,3752,3746,3730,3744,3749,3756,3728,3742,3645,3681,3640,3773,3783,3769,3767,3764,3761,3765,3753,3758,3744,3746,3752,3752,3691,3720,3631,3712
P. protegens Clinton,5841,5843,5843,5840,5841,5727,5718,5695,5788,5787,5785,5788,5786,5766,5780,5778,5773,5770,5782,5785,5784,5762,5771,5747,5773,5773,5723,5769,5753,5758,5878,5876,5875,5876,5873,5875,5872,6122,6143,5818,5740,5737,5732,5751,5727,5733,5733,5727,5728,5713,5704,5717,5541,5456,5169,4980,4974,5035,5003,5030,5007,4941,4941,4941,4937,4775,4934,4936,4935,4935,4935,4936,4993,4998,4933,4917,4918,4919,4944,4928,4894,4586,4532,4529,4514,4519,4528,4537,4524,4454,4457,4437,4504,3775,3771,3770,3775,3758,3777,3765,3760,3752,3758,3749,3743,3752,3746,3752,3746,3730,3744,3749,3756,3728,3742,3645,3681,3640,3773,3783,3769,3767,3764,3761,3765,3753,3758,3744,3746,3752,3752,3691,3720,3631,3712
P. protegens AS15,5829,5831,5832,5827,5829,5715,5708,5686,5757,5759,5755,5758,5758,5738,5752,5749,5734,5736,5751,5747,5747,5734,5723,5697,5735,5729,5702,5741,5728,5727,5838,5835,5839,5837,5838,5838,5837,5819,5818,6015,5711,5709,5697,5709,5695,5693,5692,5693,5696,5679,5675,5685,5509,5429,5132,4963,4962,5001,4980,4995,4970,4913,4913,4913,4909,4744,4895,4909,4908,4908,4908,4909,4971,4981,4912,4901,4899,4899,4933,4910,4878,4566,4497,4494,4481,4494,4497,4502,4492,4425,4431,4408,4468,3775,3771,3763,3768,3752,3771,3757,3753,3743,3749,3741,3734,3742,3741,3743,3735,3724,3738,3738,3742,3719,3736,3640,3673,3633,3765,3773,3758,3756,3753,3753,3755,3745,3749,3734,3737,3744,3745,3684,3716,3626,3709
P. sp. NFPP22,5743,5744,5745,5743,5743,5637,5626,5598,5776,5777,5776,5775,5771,5754,5765,5821,5809,5810,5800,5714,5715,5699,5725,5699,5689,5682,5760,5788,5752,5749,5751,5752,5752,5753,5753,5750,5743,5740,5740,5711,6125,6108,5987,5970,5979,5976,5977,5979,5977,5963,5940,5669,5501,5450,5179,5007,5004,5049,5050,5038,5022,4985,4985,4985,4981,4785,4924,4934,4933,4933,4933,4934,5011,5005,4978,4955,4953,4953,4982,4950,4920,4614,4517,4512,4494,4508,4539,4552,4527,4459,4462,4443,4473,3792,3788,3784,3787,3773,3790,3774,3774,3765,3774,3762,3761,3769,3763,3774,3757,3747,3756,3759,3768,3746,3758,3663,3699,3655,3796,3802,3794,3792,3789,3778,3772,3765,3773,3755,3759,3766,3768,3704,3736,3647,3725
P. sp. NFPP19,5739,5741,5742,5739,5739,5633,5622,5594,5773,5772,5772,5771,5768,5754,5763,5818,5807,5807,5797,5711,5712,5697,5723,5695,5686,5679,5757,5783,5748,5744,5751,5751,5751,5751,5750,5750,5743,5737,5737,5709,6108,6115,5982,5966,5979,5977,5975,5977,5973,5958,5935,5666,5499,5447,5180,5005,5002,5047,5048,5040,5021,4984,4984,4984,4980,4785,4924,4933,4932,4932,4932,4933,5009,5003,4976,4952,4951,4951,4978,4948,4918,4614,4515,4510,4493,4508,4539,4550,4525,4459,4462,4443,4471,3792,3788,3784,3787,3773,3790,3774,3774,3765,3774,3762,3761,3769,3765,3775,3757,3746,3756,3760,3768,3747,3758,3664,3699,3655,3796,3802,3794,3792,3789,3778,3772,3765,3773,3755,3759,3766,3768,3704,3736,3647,3725
P. protegens 1C5,5726,5727,5728,5727,5726,5620,5609,5581,5782,5782,5781,5782,5780,5764,5773,5784,5780,5777,5764,5707,5707,5688,5723,5686,5681,5674,5727,5769,5731,5733,5735,5731,5728,5731,5727,5731,5728,5732,5732,5697,5987,5982,6147,5990,5986,5982,5983,5984,5981,5959,5940,5648,5500,5435,5165,5021,5015,5047,5033,5039,5043,4961,4961,4961,4957,4774,4923,4923,4922,4922,4922,4923,4990,4997,4941,4941,4942,4942,4972,4942,4912,4614,4495,4492,4485,4491,4534,4544,4511,4444,4447,4428,4456,3785,3781,3782,3783,3777,3781,3785,3776,3763,3773,3766,3758,3766,3771,3773,3755,3746,3751,3757,3766,3744,3756,3661,3694,3659,3793,3799,3789,3787,3784,3778,3770,3762,3769,3752,3754,3761,3762,3703,3738,3641,3727
P. protegens 3295,5736,5738,5739,5736,5736,5627,5618,5590,5781,5780,5780,5781,5779,5759,5781,5796,5783,5778,5772,5722,5721,5700,5741,5705,5691,5684,5742,5775,5752,5756,5747,5745,5745,5746,5744,5744,5741,5751,5751,5709,5970,5966,5990,6104,5942,5941,5939,5942,5940,5922,5907,5660,5507,5447,5173,5030,5024,5051,5034,5034,5041,4964,4964,4964,4960,4777,4921,4933,4932,4932,4932,4933,4997,5009,4952,4946,4947,4947,4980,4952,4918,4617,4500,4497,4492,4498,4535,4551,4519,4451,4454,4435,4469,3788,3784,3779,3783,3768,3782,3777,3780,3764,3778,3765,3765,3771,3766,3774,3756,3743,3753,3758,3765,3742,3758,3658,3698,3654,3792,3801,3793,3791,3788,3781,3771,3763,3768,3753,3755,3766,3765,3705,3737,3641,3731
P. sp. NFPP10,5711,5713,5712,5711,5711,5606,5595,5568,5765,5764,5765,5763,5759,5748,5754,5776,5763,5767,5761,5701,5702,5693,5714,5677,5673,5666,5732,5776,5737,5732,5733,5733,5733,5733,5733,5732,5733,5727,5727,5695,5979,5979,5986,5942,6181,6177,6168,6172,6174,5957,5935,5632,5498,5435,5165,5014,5002,5050,5035,5050,5019,4964,4964,4964,4960,4794,4921,4925,4924,4924,4924,4925,4997,4997,4941,4932,4930,4930,4977,4943,4915,4617,4501,4498,4492,4497,4531,4547,4518,4453,4455,4437,4463,3788,3784,3781,3786,3771,3783,3773,3778,3772,3775,3762,3756,3768,3765,3774,3756,3746,3753,3755,3764,3744,3758,3663,3699,3654,3796,3807,3794,3792,3789,3776,3776,3765,3773,3753,3757,3760,3762,3702,3735,3647,3731
P. sp. NFPP12,5711,5713,5712,5711,5711,5605,5595,5568,5764,5762,5763,5762,5758,5747,5753,5775,5762,5765,5760,5700,5701,5692,5713,5676,5672,5672,5733,5776,5735,5731,5734,5734,5734,5734,5734,5733,5734,5733,5733,5693,5976,5977,5982,5941,6177,6236,6222,6173,6174,5959,5934,5633,5498,5435,5165,5015,5003,5051,5037,5053,5020,4964,4964,4964,4960,4796,4932,4925,4924,4924,4924,4925,5000,4999,4942,4933,4931,4931,4978,4945,4916,4617,4502,4499,4492,4497,4531,4548,4519,4454,4456,4438,4477,3788,3784,3781,3786,3771,3783,3773,3778,3772,3775,3762,3756,3769,3765,3775,3756,3746,3752,3755,3764,3744,3758,3663,3699,3654,3796,3807,3794,3792,3789,3776,3779,3765,3773,3753,3757,3760,3762,3702,3735,3647,3732
P. sp. NFPP05,5711,5713,5712,5711,5711,5607,5595,5568,5764,5764,5764,5762,5758,5745,5753,5775,5762,5766,5760,5700,5701,5689,5713,5676,5672,5672,5731,5777,5737,5731,5733,5734,5734,5734,5733,5732,5730,5733,5733,5692,5977,5975,5983,5939,6168,6222,6232,6171,6170,5958,5936,5633,5496,5433,5166,5016,5004,5051,5037,5053,5020,4965,4965,4965,4961,4796,4932,4925,4924,4924,4924,4925,5001,5000,4943,4934,4932,4932,4980,4946,4917,4617,4503,4500,4493,4498,4532,4549,4520,4454,4456,4438,4478,3788,3784,3781,3786,3771,3783,3773,3778,3772,3775,3762,3756,3769,3766,3774,3756,3747,3753,3756,3764,3745,3758,3663,3699,3654,3796,3807,3794,3792,3789,3776,3779,3765,3773,3753,3757,3760,3762,3702,3735,3647,3732
P. sp. NFPP08,5711,5713,5712,5711,5711,5605,5595,5568,5765,5765,5765,5763,5759,5746,5754,5776,5763,5767,5761,5701,5702,5690,5714,5677,5673,5666,5732,5777,5737,5732,5733,5734,5733,5734,5734,5732,5731,5727,5727,5693,5979,5977,5984,5942,6172,6173,6171,6177,6171,5957,5936,5634,5497,5434,5166,5016,5004,5052,5037,5051,5021,4965,4965,4965,4961,4795,4922,4926,4925,4925,4925,4926,4999,4999,4943,4934,4932,4932,4980,4945,4917,4618,4502,4499,4493,4497,4532,4548,4519,4452,4454,4436,4464,3788,3784,3781,3786,3771,3783,3773,3778,3772,3775,3762,3756,3768,3765,3773,3756,3747,3753,3755,3764,3744,3758,3663,3699,3654,3796,3807,3794,3792,3789,3776,3776,3765,3773,3753,3757,3760,3762,3702,3735,3647,3731
P. sp. NFPP09,5712,5714,5713,5712,5712,5607,5596,5570,5764,5766,5766,5764,5760,5747,5755,5777,5764,5768,5761,5702,5703,5695,5714,5677,5675,5667,5735,5780,5738,5733,5732,5732,5732,5733,5733,5732,5732,5728,5728,5696,5977,5973,5981,5940,6174,6174,6170,6171,6182,5959,5934,5634,5500,5438,5164,5017,5005,5053,5038,5051,5022,4967,4967,4967,4963,4796,4924,4928,4927,4927,4927,4928,5000,5000,4945,4935,4933,4934,4981,4946,4920,4620,4503,4500,4494,4499,4533,4549,4521,4456,4459,4440,4466,3789,3785,3782,3787,3772,3784,3775,3779,3773,3776,3763,3757,3769,3765,3774,3758,3748,3753,3757,3766,3745,3759,3663,3700,3655,3797,3808,3796,3794,3791,3778,3777,3766,3773,3754,3758,3761,3762,3703,3736,3648,3732
P. protegens,5700,5701,5700,5700,5701,5598,5584,5559,5750,5753,5749,5752,5748,5740,5737,5759,5765,5767,5773,5708,5708,5700,5723,5688,5680,5673,5705,5742,5716,5718,5722,5722,5721,5725,5723,5719,5723,5713,5713,5679,5963,5958,5959,5922,5957,5959,5958,5957,5959,6300,5926,5624,5555,5413,5148,4983,4979,5030,5012,5031,5004,4941,4941,4941,4937,4782,4905,4904,4903,4903,4903,4904,4975,4971,4923,4938,4937,4937,4982,4920,4890,4626,4504,4502,4467,4474,4517,4518,4492,4430,4432,4414,4463,3788,3784,3765,3763,3749,3765,3752,3753,3742,3752,3743,3740,3750,3741,3744,3734,3723,3732,3736,3744,3721,3735,3639,3676,3632,3778,3785,3769,3767,3764,3759,3754,3741,3749,3731,3734,3742,3742,3682,3713,3625,3715
P. protegens GW456-12-1-14-LB1,5722,5723,5722,5723,5724,5619,5611,5584,5741,5745,5742,5742,5740,5722,5736,5766,5726,5729,5731,5698,5698,5688,5718,5685,5668,5666,5701,5784,5699,5702,5737,5737,5736,5736,5734,5734,5733,5704,5704,5675,5940,5935,5940,5907,5935,5934,5936,5936,5934,5926,6160,5634,5478,5414,5151,4986,4981,5023,5026,5014,4998,4942,4942,4942,4938,4789,4899,4904,4903,4903,4903,4904,5003,4972,4943,4930,4929,4929,4949,4921,4891,4612,4505,4502,4496,4492,4516,4524,4508,4440,4443,4425,4467,3771,3767,3761,3766,3753,3778,3756,3760,3750,3754,3746,3740,3760,3766,3758,3740,3728,3739,3750,3749,3738,3744,3645,3678,3645,3782,3787,3777,3775,3772,3760,3760,3749,3758,3738,3741,3746,3746,3691,3729,3642,3720
P. protegens Cab57,5749,5750,5751,5748,5748,5642,5633,5608,5729,5730,5727,5729,5730,5709,5715,5825,5786,5782,5791,5831,5828,5809,5834,5807,5771,5767,5720,5760,5745,5748,5766,5765,5764,5766,5764,5762,5757,5717,5717,5685,5669,5666,5648,5660,5632,5633,5633,5634,5634,5624,5634,6085,5459,5437,5168,4988,4995,5067,5094,5070,5037,4979,4979,4979,4975,4809,4922,4930,4928,4929,4929,4929,5073,5036,4994,4994,4995,4995,4968,4944,4923,4618,4566,4564,4529,4531,4519,4545,4536,4467,4470,4451,4529,3796,3792,3784,3787,3776,3800,3773,3773,3762,3777,3761,3760,3774,3768,3770,3753,3742,3753,3765,3771,3751,3755,3655,3700,3649,3776,3785,3778,3776,3773,3767,3773,3761,3769,3750,3752,3757,3757,3701,3744,3652,3721
P. protegens AU20219,5512,5513,5512,5510,5513,5407,5403,5377,5509,5509,5507,5509,5507,5494,5527,5560,5509,5509,5492,5503,5503,5489,5521,5527,5579,5572,5481,5494,5504,5505,5517,5515,5515,5515,5515,5517,5513,5541,5541,5509,5501,5499,5500,5507,5498,5498,5496,5497,5500,5555,5478,5459,6519,5679,5072,4921,4912,4998,4974,5000,4990,4900,4900,4900,4896,4822,4997,4962,4961,4961,4961,4962,4958,4946,4908,4875,4875,4876,4883,4891,4856,4567,4450,4447,4455,4426,4453,4497,4596,4528,4531,4512,4458,3763,3759,3750,3757,3751,3759,3739,3741,3719,3727,3717,3709,3716,3709,3714,3711,3708,3711,3708,3713,3690,3731,3617,3652,3610,3745,3745,3738,3736,3733,3730,3739,3721,3724,3724,3727,3726,3727,3677,3724,3620,3733
P. protegens AU13852,5455,5456,5455,5454,5456,5358,5345,5324,5459,5459,5457,5459,5457,5444,5472,5487,5459,5459,5450,5449,5448,5435,5467,5487,5514,5507,5418,5438,5422,5423,5451,5448,5449,5450,5450,5451,5444,5456,5456,5429,5450,5447,5435,5447,5435,5435,5433,5434,5438,5413,5414,5437,5679,6005,5013,4894,4886,4966,4958,4965,4958,4896,4896,4896,4892,4785,4940,4923,4922,4922,4921,4922,4938,4905,4913,4870,4870,4871,4863,4865,4838,4530,4450,4447,4463,4409,4438,4482,4505,4435,4438,4419,4459,3747,3743,3732,3739,3726,3750,3725,3730,3704,3716,3701,3699,3703,3694,3702,3696,3690,3698,3698,3708,3675,3711,3602,3642,3602,3735,3728,3712,3710,3707,3706,3725,3711,3718,3708,3711,3732,3733,3661,3705,3605,3694
P. sp. PH1b,5169,5169,5169,5167,5167,5074,5060,5043,5199,5196,5194,5197,5195,5181,5184,5223,5189,5184,5193,5185,5184,5167,5209,5169,5159,5157,5161,5194,5175,5177,5193,5189,5190,5193,5192,5192,5188,5169,5169,5132,5179,5180,5165,5173,5165,5165,5166,5166,5164,5148,5151,5168,5072,5013,6551,5104,5100,4911,4887,4927,4867,4864,4864,4864,4860,4667,4780,4801,4800,4800,4800,4801,4925,4890,4866,4842,4844,4844,4849,4833,4807,4555,4469,4465,4459,4480,4523,4524,4558,4490,4491,4473,4449,3773,3769,3761,3761,3748,3772,3751,3750,3780,3797,3784,3806,3818,3806,3791,3757,3764,3761,3767,3768,3749,3767,3674,3717,3665,3778,3782,3803,3801,3798,3786,3746,3744,3751,3733,3735,3747,3748,3679,3725,3672,3759
P. sp. Fl4BN1,4965,4966,4966,4964,4965,4881,4865,4854,5021,5021,5021,5021,5018,5002,5042,5022,5004,5003,5004,4995,4995,4981,5015,5007,5014,5013,4974,5040,5006,5008,4980,4978,4979,4981,4979,4978,4977,4980,4980,4963,5007,5005,5021,5030,5014,5015,5016,5016,5017,4983,4986,4988,4921,4894,5104,6524,5988,4843,4824,4876,4858,4769,4769,4769,4765,4661,4781,4758,4756,4757,4757,4757,4821,4805,4765,4760,4760,4760,4766,4757,4725,4503,4345,4341,4353,4335,4385,4423,4425,4359,4361,4347,4318,3738,3734,3733,3728,3714,3736,3736,3735,3742,3737,3722,3723,3731,3734,3741,3713,3713,3718,3717,3715,3696,3725,3620,3659,3616,3767,3758,3741,3739,3736,3720,3706,3698,3703,3699,3702,3715,3716,3631,3700,3607,3730
P. sp. Fl5BN2,4962,4963,4963,4961,4962,4876,4860,4852,5007,5007,5007,5007,5004,4988,5019,5023,5001,5000,5009,5005,5005,4991,5019,5011,5011,5006,4974,5009,5003,5005,4982,4980,4981,4983,4981,4980,4979,4974,4974,4962,5004,5002,5015,5024,5002,5003,5004,5004,5005,4979,4981,4995,4912,4886,5100,5988,6368,4839,4822,4834,4826,4764,4764,4764,4760,4622,4757,4754,4752,4753,4753,4753,4796,4780,4744,4747,4747,4747,4748,4745,4695,4499,4318,4315,4324,4328,4377,4415,4412,4346,4348,4334,4300,3733,3729,3723,3725,3712,3724,3722,3712,3721,3736,3721,3713,3721,3717,3732,3712,3712,3712,3711,3715,3693,3714,3615,3659,3613,3740,3742,3740,3738,3735,3718,3699,3694,3699,3676,3679,3686,3687,3624,3687,3599,3699
P. protegens XY2F4,5031,5032,5032,5030,5032,4939,4930,4917,5024,5024,5022,5024,5022,5007,5034,5066,5043,5043,5054,5053,5053,5039,5059,5051,5068,5064,5018,5038,5037,5036,5025,5023,5023,5027,5026,5024,5022,5035,5035,5001,5049,5047,5047,5051,5050,5051,5051,5052,5053,5030,5023,5067,4998,4966,4911,4843,4839,5981,5792,5748,5648,5380,5379,5379,5375,5158,5334,5322,5320,5321,5321,5321,5239,5208,5115,5102,5102,5102,5151,5130,5108,4710,4367,4363,4387,4355,4399,4442,4433,4366,4369,4353,4378,3771,3767,3768,3765,3750,3770,3749,3756,3749,3751,3748,3734,3758,3741,3744,3727,3731,3746,3729,3744,3716,3741,3647,3679,3638,3753,3750,3752,3750,3747,3745,3748,3738,3739,3732,3735,3733,3733,3670,3724,3631,3698
P. sp. Os17,5054,5056,5056,5054,5056,4967,4959,4944,5012,5012,5010,5012,5010,4994,5017,5069,5032,5033,5042,5061,5061,5047,5062,5072,5074,5071,4994,5074,5027,5026,5045,5043,5043,5045,5044,5043,5037,5003,5003,4980,5050,5048,5033,5034,5035,5037,5037,5037,5038,5012,5026,5094,4974,4958,4887,4824,4822,5792,6036,5705,5666,5424,5423,5423,5419,5194,5349,5323,5321,5322,5322,5322,5282,5223,5145,5125,5125,5125,5123,5134,5099,4727,4397,4393,4407,4370,4400,4446,4442,4376,4379,4363,4406,3776,3772,3760,3765,3749,3786,3747,3747,3748,3755,3744,3741,3762,3749,3747,3727,3730,3741,3739,3750,3725,3740,3646,3685,3637,3752,3749,3751,3749,3746,3740,3744,3733,3742,3729,3732,3732,3732,3670,3737,3637,3701
P. protegens BNJ-SS-45,5028,5029,5029,5028,5029,4935,4928,4914,5023,5020,5019,5021,5020,5009,5011,5067,5045,5044,5052,5056,5057,5043,5071,5036,5055,5074,5016,5071,5039,5039,5026,5023,5023,5028,5026,5024,5023,5030,5030,4995,5038,5040,5039,5034,5050,5053,5053,5051,5051,5031,5014,5070,5000,4965,4927,4876,4834,5748,5705,6354,5673,5437,5436,5436,5432,5206,5371,5329,5327,5328,5328,5328,5213,5182,5102,5115,5116,5116,5132,5141,5084,4755,4370,4366,4389,4372,4422,4456,4436,4374,4376,4361,4377,3774,3770,3778,3767,3756,3783,3750,3771,3779,3764,3759,3753,3770,3759,3762,3742,3749,3758,3751,3757,3740,3755,3666,3694,3654,3767,3766,3768,3766,3763,3754,3758,3748,3753,3746,3751,3750,3752,3692,3731,3643,3724
P. sp. St29,5005,5006,5006,5004,5006,4918,4910,4894,5015,5015,5013,5015,5013,4996,5020,5035,5016,5016,5024,5025,5025,5010,5039,5022,5036,5031,4988,5016,5005,5004,4998,4996,4996,4998,4997,4997,4993,5007,5007,4970,5022,5021,5043,5041,5019,5020,5020,5021,5022,5004,4998,5037,4990,4958,4867,4858,4826,5648,5666,5673,6049,5398,5397,5397,5393,5157,5383,5363,5361,5362,5362,5362,5207,5195,5083,5081,5081,5081,5078,5076,5044,4711,4393,4389,4418,4367,4414,4450,4453,4385,4388,4373,4384,3786,3782,3774,3776,3763,3786,3765,3765,3766,3765,3758,3751,3767,3761,3767,3740,3745,3755,3752,3760,3729,3755,3656,3690,3648,3785,3780,3772,3770,3767,3753,3758,3748,3751,3760,3763,3763,3763,3687,3746,3653,3722
P. sp. TKO29,4955,4956,4958,4954,4956,4871,4862,4853,4963,4963,4960,4962,4962,4944,4947,4990,4976,4974,4975,4967,4967,4953,4977,4955,4956,4952,4938,4978,4963,4962,4952,4952,4952,4954,4953,4951,4946,4941,4941,4913,4985,4984,4961,4964,4964,4964,4965,4965,4967,4941,4942,4979,4900,4896,4864,4769,4764,5380,5424,5437,5398,6027,6026,6026,6019,5324,5285,5268,5265,5266,5266,5266,5098,5052,5048,5024,5024,5024,5006,4999,4970,4680,4351,4348,4361,4306,4345,4407,4432,4360,4367,4350,4365,3758,3754,3745,3751,3734,3760,3729,3722,3738,3747,3733,3727,3737,3729,3729,3714,3722,3729,3726,3736,3703,3723,3635,3673,3624,3728,3736,3748,3746,3743,3736,3724,3712,3719,3700,3703,3730,3730,3651,3702,3608,3688
P. sp. TKO26,4955,4956,4958,4954,4956,4871,4862,4853,4963,4963,4960,4962,4962,4944,4947,4990,4976,4974,4975,4967,4967,4953,4977,4955,4956,4952,4938,4978,4963,4962,4952,4952,4952,4954,4953,4951,4946,4941,4941,4913,4985,4984,4961,4964,4964,4964,4965,4965,4967,4941,4942,4979,4900,4896,4864,4769,4764,5379,5423,5436,5397,6026,6026,6026,6019,5323,5284,5267,5264,5265,5265,5265,5098,5052,5048,5024,5024,5024,5006,4999,4970,4680,4351,4348,4361,4306,4345,4407,4432,4360,4367,4350,4365,3758,3754,3745,3751,3734,3760,3729,3722,3738,3747,3733,3727,3737,3729,3729,3714,3722,3729,3726,3736,3703,3723,3635,3673,3624,3728,3736,3748,3746,3743,3736,3724,3712,3719,3700,3703,3730,3730,3651,3702,3608,3688
P. sp. TKO30,4955,4956,4958,4954,4956,4871,4862,4853,4963,4963,4960,4962,4962,4944,4947,4990,4976,4974,4975,4967,4967,4953,4977,4955,4956,4952,4938,4978,4963,4962,4952,4952,4952,4954,4953,4951,4946,4941,4941,4913,4985,4984,4961,4964,4964,4964,4965,4965,4967,4941,4942,4979,4900,4896,4864,4769,4764,5379,5423,5436,5397,6026,6026,6026,6019,5323,5284,5267,5264,5265,5265,5265,5098,5052,5048,5024,5024,5024,5006,4999,4970,4680,4351,4348,4361,4306,4345,4407,4432,4360,4367,4350,4365,3758,3754,3745,3751,3734,3760,3729,3722,3738,3747,3733,3727,3737,3729,3729,3714,3722,3729,3726,3736,3703,3723,3635,3673,3624,3728,3736,3748,3746,3743,3736,3724,3712,3719,3700,3703,3730,3730,3651,3702,3608,3688
P. sp. TKO14,4951,4952,4954,4950,4952,4867,4858,4849,4959,4959,4956,4958,4958,4940,4943,4986,4972,4970,4971,4963,4963,4949,4973,4951,4952,4948,4934,4974,4959,4958,4948,4948,4948,4950,4949,4947,4942,4937,4937,4909,4981,4980,4957,4960,4960,4960,4961,4961,4963,4937,4938,4975,4896,4892,4860,4765,4760,5375,5419,5432,5393,6019,6019,6019,6025,5319,5279,5262,5259,5260,5260,5260,5094,5048,5044,5020,5020,5020,5002,4995,4966,4675,4348,4345,4358,4303,4342,4404,4429,4357,4364,4347,4362,3756,3752,3743,3749,3732,3758,3727,3720,3736,3745,3731,3725,3735,3727,3727,3712,3720,3727,3724,3734,3701,3721,3633,3671,3622,3726,3734,3746,3744,3741,3734,3722,3710,3717,3698,3701,3728,3728,3649,3700,3606,3686
P. saponiphila DSM 9751,4798,4798,4798,4796,4798,4718,4713,4698,4777,4777,4775,4777,4775,4762,4791,4846,4798,4798,4785,4812,4812,4799,4822,4817,4827,4853,4753,4830,4789,4790,4803,4803,4803,4803,4802,4802,4797,4775,4775,4744,4785,4785,4774,4777,4794,4796,4796,4795,4796,4782,4789,4809,4822,4785,4667,4661,4622,5158,5194,5206,5157,5324,5323,5323,5319,6558,5163,5073,5071,5072,5074,5072,4918,4874,4841,4799,4799,4799,4807,4807,4778,4560,4251,4250,4242,4206,4215,4266,4340,4273,4271,4257,4239,3682,3678,3671,3675,3661,3683,3666,3666,3674,3653,3644,3644,3667,3658,3652,3629,3640,3650,3650,3639,3630,3663,3549,3579,3540,3661,3656,3670,3668,3665,3652,3639,3632,3629,3618,3621,3635,3635,3579,3642,3587,3689
P. fluorescens AU11706,4921,4922,4923,4920,4922,4840,4829,4814,4926,4927,4925,4927,4925,4915,4931,4974,4928,4928,4927,4942,4942,4931,4945,4948,4984,5013,4898,4920,4926,4926,4919,4917,4916,4919,4918,4919,4914,4934,4934,4895,4924,4924,4923,4921,4921,4932,4932,4922,4924,4905,4899,4922,4997,4940,4780,4781,4757,5334,5349,5371,5383,5285,5284,5284,5279,5163,6421,5542,5539,5540,5540,5540,5082,5057,5087,5023,5024,5024,5026,5026,5014,4705,4319,4316,4330,4278,4325,4398,4443,4377,4380,4368,4350,3740,3736,3734,3739,3722,3739,3724,3710,3716,3718,3708,3702,3723,3696,3702,3687,3707,3698,3696,3703,3683,3731,3616,3645,3610,3727,3714,3727,3725,3722,3704,3708,3692,3692,3680,3684,3692,3692,3639,3690,3612,3725
P. protegens H1F10B,4923,4924,4924,4922,4924,4841,4832,4812,4919,4918,4916,4918,4916,4901,4940,4950,4926,4926,4935,4949,4949,4935,4954,4952,4967,4961,4904,4927,4926,4926,4929,4927,4926,4929,4928,4929,4924,4936,4936,4909,4934,4933,4923,4933,4925,4925,4925,4926,4928,4904,4904,4930,4962,4923,4801,4758,4754,5322,5323,5329,5363,5268,5267,5267,5262,5073,5542,6013,6004,6004,6004,6003,5067,5050,5028,5024,5025,5025,5023,5029,4992,4653,4320,4316,4330,4291,4338,4388,4421,4352,4356,4342,4354,3733,3729,3729,3730,3717,3731,3725,3712,3703,3704,3696,3722,3742,3725,3728,3682,3693,3693,3689,3698,3670,3692,3596,3633,3591,3705,3705,3710,3708,3705,3696,3698,3692,3682,3675,3676,3688,3688,3627,3684,3631,3693
P. protegens H1F10C,4922,4923,4923,4921,4923,4840,4831,4811,4918,4917,4915,4917,4915,4900,4939,4948,4924,4924,4933,4947,4947,4933,4952,4950,4965,4959,4902,4925,4924,4924,4928,4926,4925,4928,4927,4928,4923,4935,4935,4908,4933,4932,4922,4932,4924,4924,4924,4925,4927,4903,4903,4928,4961,4922,4800,4756,4752,5320,5321,5327,5361,5265,5264,5264,5259,5071,5539,6004,6007,6004,6001,6003,5065,5048,5026,5021,5022,5022,5021,5028,4990,4650,4319,4315,4329,4290,4337,4388,4421,4351,4355,4341,4354,3731,3727,3727,3728,3715,3729,3723,3710,3701,3702,3694,3720,3740,3723,3726,3680,3691,3691,3687,3696,3668,3690,3594,3631,3590,3704,3704,3709,3707,3704,3695,3696,3690,3681,3673,3674,3686,3686,3625,3682,3629,3691
P. sp. H1F10D,4922,4923,4923,4921,4923,4840,4831,4811,4918,4917,4915,4917,4915,4900,4939,4949,4925,4925,4934,4948,4948,4934,4953,4951,4966,4960,4903,4926,4925,4925,4928,4926,4925,4928,4927,4928,4923,4935,4935,4908,4933,4932,4922,4932,4924,4924,4924,4925,4927,4903,4903,4929,4961,4922,4800,4757,4753,5321,5322,5328,5362,5266,5265,5265,5260,5072,5540,6004,6004,6008,6001,6001,5066,5049,5026,5022,5023,5023,5021,5028,4990,4651,4319,4315,4329,4290,4337,4388,4421,4351,4355,4341,4354,3733,3729,3729,3730,3717,3731,3725,3712,3703,3704,3696,3722,3743,3725,3728,3682,3694,3693,3689,3698,3670,3692,3596,3633,3591,3705,3705,3710,3708,3705,3696,3698,3692,3682,3675,3676,3688,3688,3627,3684,3631,3693
P. protegens H1F5C,4922,4923,4923,4921,4923,4840,4831,4811,4918,4917,4915,4917,4915,4900,4939,4949,4925,4925,4933,4948,4948,4934,4953,4951,4966,4960,4903,4926,4925,4925,4928,4926,4925,4928,4927,4928,4923,4935,4935,4908,4933,4932,4922,4932,4924,4924,4924,4925,4927,4903,4903,4929,4961,4921,4800,4757,4753,5321,5322,5328,5362,5266,5265,5265,5260,5074,5540,6004,6001,6001,6008,6003,5067,5050,5026,5022,5023,5023,5021,5029,4991,4651,4319,4315,4329,4289,4336,4387,4420,4350,4354,4340,4354,3733,3729,3729,3730,3717,3731,3724,3712,3703,3704,3696,3722,3742,3725,3728,3682,3693,3693,3689,3698,3670,3692,3596,3633,3591,3705,3705,3710,3708,3705,3696,3698,3692,3682,3675,3676,3688,3688,3627,3684,3631,3694
P. protegens H1F10A,4923,4924,4924,4922,4924,4841,4832,4812,4919,4918,4916,4918,4916,4901,4940,4949,4925,4925,4933,4948,4948,4934,4953,4951,4966,4960,4903,4926,4925,4925,4929,4927,4926,4929,4928,4929,4924,4936,4936,4909,4934,4933,4923,4933,4925,4925,4925,4926,4928,4904,4904,4929,4962,4922,4801,4757,4753,5321,5322,5328,5362,5266,5265,5265,5260,5072,5540,6003,6003,6001,6003,6007,5066,5049,5027,5022,5023,5023,5022,5029,4991,4651,4320,4316,4330,4290,4337,4388,4421,4351,4355,4341,4355,3731,3727,3727,3728,3715,3729,3722,3710,3701,3702,3694,3720,3740,3723,3726,3680,3691,3691,3687,3696,3668,3690,3594,3631,3590,3704,3704,3709,3707,3704,3695,3696,3690,3681,3673,3674,3686,3686,3625,3682,3629,3692
P. protegens 4,5062,5063,5064,5060,5062,4965,4960,4948,5013,5013,5011,5013,5010,4992,5014,5059,5030,5028,5036,5046,5046,5032,5056,5079,5055,5051,4993,5058,5021,5021,5032,5030,5030,5032,5031,5031,5023,4993,4993,4971,5011,5009,4990,4997,4997,5000,5001,4999,5000,4975,5003,5073,4958,4938,4925,4821,4796,5239,5282,5213,5207,5098,5098,5098,5094,4918,5082,5067,5065,5066,5067,5066,5977,5623,5480,5453,5450,5450,5457,5447,5431,4761,4442,4437,4444,4386,4410,4438,4438,4368,4372,4353,4411,3758,3754,3732,3742,3730,3757,3719,3726,3724,3738,3723,3714,3737,3734,3726,3703,3706,3723,3727,3726,3703,3717,3624,3664,3616,3751,3751,3734,3732,3729,3723,3724,3711,3723,3722,3725,3721,3723,3654,3713,3622,3677
P. protegens FD6,4996,4997,4998,4994,4996,4903,4896,4884,4992,4992,4992,4992,4989,4971,5013,5030,5017,5015,5021,5025,5025,5011,5030,5021,5035,5030,4991,5020,5009,5009,4999,4997,4997,4999,4998,4998,4992,4998,4998,4981,5005,5003,4997,5009,4997,4999,5000,4999,5000,4971,4972,5036,4946,4905,4890,4805,4780,5208,5223,5182,5195,5052,5052,5052,5048,4874,5057,5050,5048,5049,5050,5049,5623,5858,5429,5399,5399,5398,5415,5427,5359,4712,4385,4381,4382,4350,4396,4402,4392,4325,4328,4311,4350,3719,3715,3704,3714,3697,3712,3698,3686,3691,3696,3691,3680,3698,3689,3690,3671,3674,3689,3683,3687,3665,3685,3593,3626,3583,3721,3725,3707,3705,3702,3698,3691,3679,3685,3691,3694,3691,3693,3624,3671,3586,3650
P. protegens 11,4977,4978,4979,4976,4977,4886,4881,4864,4937,4937,4935,4937,4935,4917,4955,5007,4967,4967,4967,4996,4996,4981,4986,5008,5019,5016,4974,4979,4931,4932,4969,4966,4966,4968,4967,4967,4960,4933,4933,4912,4978,4976,4941,4952,4941,4942,4943,4943,4945,4923,4943,4994,4908,4913,4866,4765,4744,5115,5145,5102,5083,5048,5048,5048,5044,4841,5087,5028,5026,5026,5026,5027,5480,5429,6252,5592,5590,5590,5509,5544,5536,4739,4387,4383,4373,4328,4370,4388,4432,4359,4365,4344,4360,3708,3704,3694,3695,3678,3704,3678,3682,3675,3681,3670,3667,3683,3688,3674,3658,3688,3671,3674,3674,3653,3663,3575,3613,3568,3698,3697,3746,3743,3741,3698,3678,3661,3671,3651,3654,3684,3686,3601,3662,3592,3646
P. protegens 15H3,4946,4947,4948,4945,4946,4859,4850,4833,4918,4917,4915,4918,4915,4896,4908,4979,4987,4988,4975,5010,5009,4995,5001,5009,4992,4991,4907,4971,4934,4933,4947,4943,4943,4945,4944,4944,4938,4917,4917,4901,4955,4952,4941,4946,4932,4933,4934,4934,4935,4938,4930,4994,4875,4870,4842,4760,4747,5102,5125,5115,5081,5024,5024,5024,5020,4799,5023,5024,5021,5022,5022,5022,5453,5399,5592,5981,5969,5965,5534,5495,5448,4784,4367,4364,4335,4302,4362,4369,4356,4289,4294,4276,4351,3724,3720,3692,3690,3676,3707,3678,3682,3679,3690,3680,3674,3691,3690,3681,3662,3667,3676,3677,3681,3662,3671,3575,3615,3580,3693,3705,3706,3704,3701,3692,3682,3672,3682,3663,3665,3670,3671,3615,3656,3598,3661
P. protegens 38G2,4947,4948,4949,4946,4947,4859,4851,4834,4917,4916,4914,4917,4916,4896,4908,4980,4988,4986,4976,5011,5010,4994,5002,5009,4992,4991,4908,4969,4932,4934,4946,4942,4942,4944,4943,4943,4937,4918,4918,4899,4953,4951,4942,4947,4930,4931,4932,4932,4933,4937,4929,4995,4875,4870,4844,4760,4747,5102,5125,5116,5081,5024,5024,5024,5020,4799,5024,5025,5022,5023,5023,5023,5450,5399,5590,5969,5975,5967,5530,5493,5447,4786,4367,4364,4335,4302,4362,4370,4356,4289,4294,4276,4351,3724,3720,3692,3690,3676,3707,3678,3682,3680,3691,3681,3675,3692,3690,3682,3663,3668,3676,3678,3682,3663,3672,3575,3616,3581,3693,3706,3707,3705,3702,3693,3683,3673,3683,3664,3666,3671,3672,3616,3656,3598,3662
P. protegens 12H11,4947,4948,4949,4946,4947,4859,4851,4835,4917,4916,4914,4917,4916,4896,4908,4980,4987,4985,4976,5011,5010,4994,5002,5009,4993,4991,4909,4969,4932,4935,4947,4942,4942,4944,4943,4944,4937,4919,4919,4899,4953,4951,4942,4947,4930,4931,4932,4932,4934,4937,4929,4995,4876,4871,4844,4760,4747,5102,5125,5116,5081,5024,5024,5024,5020,4799,5024,5025,5022,5023,5023,5023,5450,5398,5590,5965,5967,5972,5529,5492,5447,4787,4368,4365,4336,4303,4363,4370,4357,4290,4295,4277,4352,3724,3720,3692,3690,3676,3707,3679,3682,3680,3691,3681,3675,3692,3690,3683,3664,3668,3676,3678,3683,3664,3672,3575,3616,3581,3693,3706,3708,3706,3703,3694,3683,3673,3683,3664,3666,3671,3672,3616,3656,3598,3662
P. protegens MB-090714,4957,4959,4960,4957,4958,4866,4856,4844,4946,4948,4946,4947,4944,4929,4936,4977,4987,4989,5000,5007,5007,4996,5000,4989,4996,4992,4929,4961,4954,4952,4944,4942,4942,4945,4944,4943,4941,4944,4944,4933,4982,4978,4972,4980,4977,4978,4980,4980,4981,4982,4949,4968,4883,4863,4849,4766,4748,5151,5123,5132,5078,5006,5006,5006,5002,4807,5026,5023,5021,5021,5021,5022,5457,5415,5509,5534,5530,5529,5863,5576,5542,4728,4392,4389,4365,4341,4396,4400,4385,4319,4323,4304,4366,3739,3735,3710,3708,3694,3712,3701,3695,3699,3701,3695,3680,3705,3693,3693,3682,3683,3699,3683,3693,3671,3690,3596,3632,3595,3710,3727,3721,3719,3716,3715,3701,3686,3696,3683,3686,3689,3691,3631,3667,3612,3664
P. protegens MB-090624,4926,4927,4928,4925,4926,4836,4827,4815,4908,4909,4908,4909,4907,4890,4928,4942,4918,4917,4936,4950,4950,4937,4960,4964,4971,4966,4892,4931,4916,4916,4920,4918,4918,4920,4919,4919,4915,4928,4928,4910,4950,4948,4942,4952,4943,4945,4946,4945,4946,4920,4921,4944,4891,4865,4833,4757,4745,5130,5134,5141,5076,4999,4999,4999,4995,4807,5026,5029,5028,5028,5029,5029,5447,5427,5544,5495,5493,5492,5576,5958,5527,4668,4336,4332,4339,4313,4385,4374,4389,4322,4327,4308,4328,3701,3697,3696,3692,3679,3697,3685,3672,3677,3677,3671,3659,3679,3671,3672,3658,3660,3674,3663,3672,3649,3667,3576,3610,3571,3691,3693,3703,3701,3698,3694,3669,3657,3668,3660,3663,3658,3660,3598,3655,3591,3644
P. sp. WS 5414,4904,4906,4907,4904,4906,4821,4811,4797,4891,4891,4889,4891,4889,4877,4901,4928,4905,4904,4916,4927,4927,4915,4926,4938,4934,4931,4878,4903,4904,4903,4892,4889,4889,4893,4892,4891,4887,4894,4894,4878,4920,4918,4912,4918,4915,4916,4917,4917,4920,4890,4891,4923,4856,4838,4807,4725,4695,5108,5099,5084,5044,4970,4970,4970,4966,4778,5014,4992,4990,4990,4991,4991,5431,5359,5536,5448,5447,5447,5542,5527,5913,4658,4311,4307,4316,4285,4329,4340,4332,4270,4276,4257,4299,3701,3697,3690,3689,3677,3694,3672,3679,3676,3676,3672,3657,3682,3672,3670,3653,3657,3676,3661,3671,3649,3667,3577,3607,3572,3691,3693,3693,3691,3688,3692,3672,3660,3670,3659,3661,3664,3666,3602,3654,3584,3631
P. sp. LD120,4610,4611,4612,4608,4611,4530,4525,4511,4589,4589,4588,4589,4591,4573,4578,4663,4663,4661,4651,4664,4663,4650,4677,4677,4653,4648,4602,4630,4610,4611,4610,4607,4607,4609,4609,4611,4606,4587,4586,4566,4614,4614,4614,4617,4617,4617,4617,4618,4620,4626,4612,4618,4567,4530,4555,4503,4499,4710,4727,4755,4711,4680,4680,4680,4675,4560,4705,4653,4650,4651,4651,4651,4761,4712,4739,4784,4786,4787,4728,4668,4658,5879,4135,4133,4114,4075,4085,4113,4097,4030,4043,4024,4112,3593,3589,3560,3557,3554,3569,3550,3553,3557,3568,3557,3549,3572,3560,3548,3538,3551,3546,3549,3552,3536,3555,3455,3496,3454,3558,3569,3570,3568,3565,3569,3556,3532,3542,3534,3535,3543,3545,3490,3544,3478,3531
P. sp. B6(2017),4638,4639,4639,4637,4638,4556,4551,4536,4592,4591,4589,4591,4589,4575,4515,4551,4553,4551,4559,4573,4573,4559,4585,4578,4560,4556,4479,4537,4512,4512,4580,4577,4578,4580,4580,4580,4572,4532,4532,4497,4517,4515,4495,4500,4501,4502,4503,4502,4503,4504,4505,4566,4450,4450,4469,4345,4318,4367,4397,4370,4393,4351,4351,4351,4348,4251,4319,4320,4319,4319,4319,4320,4442,4385,4387,4367,4367,4368,4392,4336,4311,4135,6334,6305,5780,5514,5436,5095,5022,4945,4943,4926,5408,3634,3631,3598,3609,3586,3604,3578,3593,3592,3609,3593,3582,3618,3613,3606,3590,3589,3579,3590,3590,3584,3583,3497,3535,3487,3608,3619,3615,3613,3610,3613,3570,3550,3559,3570,3573,3594,3596,3516,3589,3497,3581
P. sp. R26(2017),4634,4635,4635,4633,4634,4552,4549,4532,4588,4587,4585,4587,4585,4571,4512,4547,4552,4550,4557,4571,4571,4557,4583,4576,4558,4554,4477,4534,4511,4511,4579,4576,4577,4579,4579,4579,4570,4529,4529,4494,4512,4510,4492,4497,4498,4499,4500,4499,4500,4502,4502,4564,4447,4447,4465,4341,4315,4363,4393,4366,4389,4348,4348,4348,4345,4250,4316,4316,4315,4315,4315,4316,4437,4381,4383,4364,4364,4365,4389,4332,4307,4133,6305,6334,5787,5512,5435,5092,5018,4941,4938,4922,5409,3632,3629,3596,3607,3584,3602,3576,3591,3590,3607,3591,3582,3618,3611,3606,3588,3587,3577,3589,3588,3582,3581,3495,3533,3485,3606,3617,3615,3613,3610,3611,3568,3548,3557,3568,3571,3592,3594,3513,3588,3495,3579
P. sp. FW507-12TSA,4559,4560,4560,4558,4560,4481,4477,4464,4546,4546,4544,4546,4544,4532,4509,4524,4504,4504,4506,4509,4509,4498,4526,4526,4522,4522,4470,4515,4492,4492,4529,4526,4527,4528,4528,4529,4523,4514,4514,4481,4494,4493,4485,4492,4492,4492,4493,4493,4494,4467,4496,4529,4455,4463,4459,4353,4324,4387,4407,4389,4418,4361,4361,4361,4358,4242,4330,4330,4329,4329,4329,4330,4444,4382,4373,4335,4335,4336,4365,4339,4316,4114,5780,5787,6184,5494,5456,5089,5054,4983,4978,4970,5323,3614,3611,3604,3606,3587,3610,3593,3596,3593,3611,3593,3578,3617,3609,3603,3595,3594,3582,3593,3594,3583,3588,3497,3537,3487,3623,3619,3611,3609,3606,3604,3575,3559,3568,3571,3574,3595,3596,3525,3591,3484,3554
P. sp. CMR5c,4535,4536,4536,4534,4536,4455,4453,4433,4513,4512,4510,4512,4509,4498,4496,4527,4511,4510,4518,4526,4526,4514,4529,4523,4512,4540,4473,4520,4498,4499,4536,4533,4535,4536,4536,4536,4532,4519,4519,4494,4508,4508,4491,4498,4497,4497,4498,4497,4499,4474,4492,4531,4426,4409,4480,4335,4328,4355,4370,4372,4367,4306,4306,4306,4303,4206,4278,4291,4290,4290,4289,4290,4386,4350,4328,4302,4302,4303,4341,4313,4285,4075,5514,5512,5494,6111,5578,5120,5044,4978,4975,4959,5169,3597,3594,3592,3593,3580,3595,3573,3594,3604,3604,3591,3585,3616,3615,3603,3593,3585,3586,3596,3596,3584,3590,3505,3530,3494,3604,3604,3620,3618,3615,3610,3560,3556,3557,3558,3561,3555,3557,3521,3578,3476,3546
P. sp. MC042,4518,4519,4519,4517,4518,4439,4437,4413,4522,4521,4519,4521,4520,4505,4509,4531,4525,4524,4523,4519,4518,4504,4536,4499,4511,4505,4480,4542,4535,4535,4531,4526,4527,4530,4529,4530,4526,4528,4528,4497,4539,4539,4534,4535,4531,4531,4532,4532,4533,4517,4516,4519,4453,4438,4523,4385,4377,4399,4400,4422,4414,4345,4345,4345,4342,4215,4325,4338,4337,4337,4336,4337,4410,4396,4370,4362,4362,4363,4396,4385,4329,4085,5436,5435,5456,5578,6114,5154,5110,5029,5026,5011,5151,3607,3604,3608,3606,3589,3604,3593,3587,3617,3628,3621,3616,3628,3626,3621,3613,3607,3607,3610,3617,3595,3612,3520,3551,3520,3612,3636,3634,3632,3629,3625,3579,3578,3578,3579,3579,3582,3583,3528,3580,3466,3566
P. sp. CMR12a,4594,4595,4595,4593,4594,4514,4511,4491,4603,4602,4602,4603,4602,4585,4528,4558,4548,4545,4528,4532,4531,4515,4565,4535,4529,4525,4511,4548,4520,4522,4537,4535,4536,4537,4538,4537,4531,4537,4537,4502,4552,4550,4544,4551,4547,4548,4549,4548,4549,4518,4524,4545,4497,4482,4524,4423,4415,4442,4446,4456,4450,4407,4407,4407,4404,4266,4398,4388,4388,4388,4387,4388,4438,4402,4388,4369,4370,4370,4400,4374,4340,4113,5095,5092,5089,5120,5154,6085,5667,5580,5572,5559,4996,3600,3597,3597,3604,3581,3586,3583,3583,3600,3615,3598,3585,3613,3600,3601,3596,3593,3589,3585,3604,3575,3593,3496,3542,3501,3610,3641,3641,3639,3636,3630,3573,3564,3579,3573,3575,3567,3567,3515,3567,3449,3543
P. sp. BIOMIG1BAC,4532,4533,4533,4531,4532,4453,4449,4433,4541,4541,4539,4541,4539,4524,4529,4562,4518,4517,4516,4519,4519,4504,4545,4527,4562,4557,4515,4531,4509,4511,4529,4526,4527,4529,4527,4527,4522,4524,4524,4492,4527,4525,4511,4519,4518,4519,4520,4519,4521,4492,4508,4536,4596,4505,4558,4425,4412,4433,4442,4436,4453,4432,4432,4432,4429,4340,4443,4421,4421,4421,4420,4421,4438,4392,4432,4356,4356,4357,4385,4389,4332,4097,5022,5018,5054,5044,5110,5667,6762,6583,6574,6560,4951,3607,3604,3593,3598,3578,3590,3589,3585,3592,3626,3587,3607,3643,3625,3624,3587,3613,3580,3583,3596,3569,3610,3488,3536,3488,3607,3623,3684,3682,3679,3629,3555,3550,3563,3555,3558,3571,3572,3504,3566,3498,3647
P. sp. BIOMIG1BDMA,4463,4464,4464,4462,4464,4389,4381,4366,4473,4473,4471,4473,4471,4460,4461,4493,4451,4450,4447,4450,4450,4439,4476,4458,4492,4487,4446,4464,4440,4442,4461,4458,4460,4461,4459,4459,4456,4454,4454,4425,4459,4459,4444,4451,4453,4454,4454,4452,4456,4430,4440,4467,4528,4435,4490,4359,4346,4366,4376,4374,4385,4360,4360,4360,4357,4273,4377,4352,4351,4351,4350,4351,4368,4325,4359,4289,4289,4290,4319,4322,4270,4030,4945,4941,4983,4978,5029,5580,6583,6768,6621,6597,4873,3548,3545,3535,3542,3521,3532,3530,3528,3535,3569,3530,3551,3587,3569,3568,3531,3555,3525,3528,3540,3514,3552,3439,3479,3433,3553,3566,3625,3623,3620,3573,3499,3495,3507,3499,3502,3512,3513,3452,3509,3443,3586
P. sp. BIOMIG1N,4467,4468,4468,4466,4468,4393,4390,4373,4476,4476,4474,4476,4474,4464,4464,4497,4455,4454,4450,4453,4453,4443,4479,4461,4494,4489,4451,4468,4442,4444,4465,4462,4464,4465,4463,4463,4460,4457,4457,4431,4462,4462,4447,4454,4455,4456,4456,4454,4459,4432,4443,4470,4531,4438,4491,4361,4348,4369,4379,4376,4388,4367,4367,4367,4364,4271,4380,4356,4355,4355,4354,4355,4372,4328,4365,4294,4294,4295,4323,4327,4276,4043,4943,4938,4978,4975,5026,5572,6574,6621,6786,6584,4871,3557,3554,3544,3550,3530,3541,3539,3536,3544,3577,3539,3559,3595,3580,3576,3540,3564,3534,3537,3548,3524,3562,3444,3488,3441,3562,3574,3632,3630,3627,3580,3508,3503,3517,3508,3511,3523,3524,3458,3517,3453,3595
P. sp. BIOMIG1BD,4448,4449,4449,4447,4449,4373,4370,4353,4457,4457,4455,4457,4455,4446,4446,4477,4435,4434,4432,4435,4435,4423,4461,4443,4476,4471,4430,4449,4424,4426,4444,4441,4443,4444,4442,4442,4438,4437,4437,4408,4443,4443,4428,4435,4437,4438,4438,4436,4440,4414,4425,4451,4512,4419,4473,4347,4334,4353,4363,4361,4373,4350,4350,4350,4347,4257,4368,4342,4341,4341,4340,4341,4353,4311,4344,4276,4276,4277,4304,4308,4257,4024,4926,4922,4970,4959,5011,5559,6560,6597,6584,6774,4856,3541,3538,3529,3536,3514,3526,3525,3522,3529,3562,3523,3545,3581,3563,3563,3524,3548,3518,3523,3533,3510,3549,3432,3473,3427,3547,3560,3620,3618,3615,3566,3492,3490,3503,3495,3498,3507,3508,3446,3503,3441,3582
P. sp. MSSRFD41,4603,4604,4604,4602,4604,4522,4516,4501,4579,4579,4577,4579,4576,4562,4488,4505,4506,4505,4515,4531,4531,4520,4537,4551,4527,4528,4441,4521,4493,4492,4523,4520,4521,4523,4523,4523,4517,4504,4504,4468,4473,4471,4456,4469,4463,4477,4478,4464,4466,4463,4467,4529,4458,4459,4449,4318,4300,4378,4406,4377,4384,4365,4365,4365,4362,4239,4350,4354,4354,4354,4354,4355,4411,4350,4360,4351,4351,4352,4366,4328,4299,4112,5408,5409,5323,5169,5151,4996,4951,4873,4871,4856,6227,3615,3612,3580,3579,3564,3591,3561,3577,3553,3575,3558,3569,3603,3601,3595,3555,3559,3545,3558,3559,3546,3545,3458,3502,3450,3557,3557,3570,3568,3565,3575,3548,3535,3545,3534,3537,3556,3557,3496,3567,3480,3576
P. chlororaphis subsp. aurantiaca 464,3786,3786,3787,3784,3785,3733,3721,3711,3780,3780,3780,3780,3779,3767,3774,3799,3816,3814,3825,3822,3822,3812,3818,3832,3812,3809,3765,3793,3794,3792,3785,3785,3785,3785,3786,3786,3781,3775,3775,3775,3792,3792,3785,3788,3788,3788,3788,3788,3789,3788,3771,3796,3763,3747,3773,3738,3733,3771,3776,3774,3786,3758,3758,3758,3756,3682,3740,3733,3731,3733,3733,3731,3758,3719,3708,3724,3724,3724,3739,3701,3701,3593,3634,3632,3614,3597,3607,3600,3607,3548,3557,3541,3615,6115,6109,5768,5624,5632,5635,5517,5517,5430,5582,5503,5396,5391,5425,5504,5512,5501,5405,5412,5426,5354,5376,5273,5396,5210,5236,5243,5269,5265,5260,5279,5304,5270,5308,5242,5241,5291,5284,5179,5281,4906,4845
P. chlororaphis subsp. aurantiaca 449,3782,3782,3783,3781,3781,3729,3717,3707,3776,3776,3776,3776,3775,3763,3770,3795,3812,3810,3821,3818,3818,3808,3814,3828,3808,3805,3761,3789,3790,3788,3781,3781,3781,3781,3782,3782,3777,3771,3771,3771,3788,3788,3781,3784,3784,3784,3784,3784,3785,3784,3767,3792,3759,3743,3769,3734,3729,3767,3772,3770,3782,3754,3754,3754,3752,3678,3736,3729,3727,3729,3729,3727,3754,3715,3704,3720,3720,3720,3735,3697,3697,3589,3631,3629,3611,3594,3604,3597,3604,3545,3554,3538,3612,6109,6115,5764,5621,5629,5631,5515,5514,5428,5579,5500,5393,5388,5423,5502,5509,5498,5402,5410,5425,5352,5373,5270,5394,5209,5232,5240,5265,5261,5256,5277,5301,5267,5305,5239,5238,5288,5281,5176,5277,4902,4841
P. chlororaphis subsp. aurantiaca CW2,3771,3771,3772,3769,3770,3718,3707,3698,3766,3766,3766,3766,3765,3753,3764,3789,3790,3788,3791,3793,3793,3784,3789,3804,3782,3785,3757,3779,3789,3787,3772,3772,3772,3772,3773,3773,3769,3770,3770,3763,3784,3784,3782,3779,3781,3781,3781,3781,3782,3765,3761,3784,3750,3732,3761,3733,3723,3768,3760,3778,3774,3745,3745,3745,3743,3671,3734,3729,3727,3729,3729,3727,3732,3704,3694,3692,3692,3692,3710,3696,3690,3560,3598,3596,3604,3592,3608,3597,3593,3535,3544,3529,3580,5768,5764,6087,5650,5607,5612,5516,5553,5419,5565,5502,5402,5384,5428,5491,5511,5508,5398,5410,5393,5349,5366,5267,5382,5201,5223,5228,5239,5235,5230,5254,5297,5270,5265,5224,5223,5291,5285,5156,5292,4913,4805
P. chlororaphis subsp. aurantiaca PCM 2210,3778,3779,3780,3777,3778,3725,3715,3706,3775,3775,3775,3775,3774,3762,3772,3792,3793,3791,3793,3799,3799,3790,3792,3810,3785,3782,3760,3783,3784,3782,3779,3779,3779,3779,3780,3780,3776,3775,3775,3768,3787,3787,3783,3783,3786,3786,3786,3786,3787,3763,3766,3787,3757,3739,3761,3728,3725,3765,3765,3767,3776,3751,3751,3751,3749,3675,3739,3730,3728,3730,3730,3728,3742,3714,3695,3690,3690,3690,3708,3692,3689,3557,3609,3607,3606,3593,3606,3604,3598,3542,3550,3536,3579,5624,5621,5650,6009,5640,5591,5549,5588,5434,5421,5397,5396,5399,5436,5376,5401,5390,5406,5423,5413,5354,5379,5271,5264,5224,5243,5270,5270,5265,5260,5290,5308,5282,5268,5215,5213,5290,5283,5169,5307,4910,4826
P. chlororaphis subsp. aurantiaca M12,3762,3762,3763,3760,3761,3710,3699,3687,3757,3757,3757,3757,3756,3744,3757,3782,3781,3779,3782,3786,3786,3776,3783,3795,3775,3772,3750,3769,3773,3771,3762,3762,3762,3762,3763,3763,3759,3758,3758,3752,3773,3773,3777,3768,3771,3771,3771,3771,3772,3749,3753,3776,3751,3726,3748,3714,3712,3750,3749,3756,3763,3734,3734,3734,3732,3661,3722,3717,3715,3717,3717,3715,3730,3697,3678,3676,3676,3676,3694,3679,3677,3554,3586,3584,3587,3580,3589,3581,3578,3521,3530,3514,3564,5632,5629,5607,5640,5920,5593,5536,5535,5427,5421,5394,5389,5382,5413,5377,5385,5389,5405,5409,5414,5350,5370,5262,5256,5213,5223,5224,5218,5214,5208,5247,5313,5286,5276,5230,5231,5313,5304,5175,5279,4918,4799
P. chlororaphis subsp. aurantiaca zm-1,3793,3793,3794,3791,3792,3740,3728,3720,3779,3779,3779,3779,3778,3766,3773,3804,3798,3796,3799,3807,3807,3797,3804,3823,3795,3792,3766,3797,3792,3790,3793,3793,3793,3792,3794,3794,3786,3777,3777,3771,3790,3790,3781,3782,3783,3783,3783,3783,3784,3765,3778,3800,3759,3750,3772,3736,3724,3770,3786,3783,3786,3760,3760,3760,3758,3683,3739,3731,3729,3731,3731,3729,3757,3712,3704,3707,3707,3707,3712,3697,3694,3569,3604,3602,3610,3595,3604,3586,3590,3532,3541,3526,3591,5635,5631,5612,5591,5593,6054,5555,5541,5456,5473,5436,5455,5428,5480,5432,5414,5445,5438,5456,5447,5403,5412,5300,5308,5250,5252,5265,5221,5217,5211,5245,5308,5279,5287,5237,5237,5284,5278,5163,5299,4940,4806
P. chlororaphis subsp. aurantiaca M71,3763,3763,3764,3761,3762,3710,3699,3689,3763,3763,3762,3763,3762,3750,3761,3775,3779,3778,3776,3779,3779,3770,3775,3791,3768,3764,3744,3771,3769,3768,3765,3764,3764,3764,3765,3766,3763,3765,3765,3757,3774,3774,3785,3777,3773,3773,3773,3773,3775,3752,3756,3773,3739,3725,3751,3736,3722,3749,3747,3750,3765,3729,3729,3729,3727,3666,3724,3725,3723,3725,3724,3722,3719,3698,3678,3678,3678,3679,3701,3685,3672,3550,3578,3576,3593,3573,3593,3583,3589,3530,3539,3525,3561,5517,5515,5516,5549,5536,5555,5976,5489,5422,5435,5420,5395,5371,5430,5380,5399,5402,5379,5398,5409,5345,5376,5243,5258,5217,5255,5245,5239,5235,5230,5255,5281,5263,5249,5198,5200,5284,5276,5155,5283,4900,4803
P. chlororaphis subsp. aurantiaca StFRB508,3764,3765,3766,3763,3764,3712,3701,3689,3763,3763,3763,3763,3762,3750,3763,3782,3774,3773,3775,3783,3783,3774,3780,3796,3775,3772,3742,3782,3775,3773,3766,3766,3766,3766,3767,3767,3765,3760,3760,3753,3774,3774,3776,3780,3778,3778,3778,3778,3779,3753,3760,3773,3741,3730,3750,3735,3712,3756,3747,3771,3765,3722,3722,3722,3720,3666,3710,3712,3710,3712,3712,3710,3726,3686,3682,3682,3682,3682,3695,3672,3679,3553,3593,3591,3596,3594,3587,3583,3585,3528,3536,3522,3577,5517,5514,5553,5588,5535,5541,5489,6198,5459,5448,5415,5402,5402,5440,5392,5391,5429,5397,5431,5388,5358,5370,5263,5276,5190,5231,5241,5216,5211,5206,5253,5286,5271,5255,5214,5212,5279,5271,5169,5341,4925,4848
P. chlororaphis subsp. aureofaciens 66,3757,3757,3758,3755,3756,3702,3692,3681,3747,3746,3746,3747,3747,3733,3739,3767,3765,3762,3774,3778,3777,3765,3770,3774,3752,3749,3737,3773,3762,3762,3760,3759,3759,3759,3760,3761,3758,3752,3752,3743,3765,3765,3763,3764,3772,3772,3772,3772,3773,3742,3750,3762,3719,3704,3780,3742,3721,3749,3748,3779,3766,3738,3738,3738,3736,3674,3716,3703,3701,3703,3703,3701,3724,3691,3675,3679,3680,3680,3699,3677,3676,3557,3592,3590,3593,3604,3617,3600,3592,3535,3544,3529,3553,5430,5428,5419,5434,5427,5456,5422,5459,5962,5701,5689,5662,5643,5666,5632,5616,5649,5659,5649,5655,5575,5635,5546,5514,5522,5311,5281,5300,5295,5290,5306,5284,5263,5254,5224,5221,5252,5241,5128,5265,4913,4822
P. chlororaphis R47,3769,3769,3770,3767,3768,3713,3703,3693,3758,3757,3757,3758,3758,3744,3743,3776,3778,3775,3783,3785,3784,3772,3779,3800,3758,3755,3755,3776,3775,3775,3770,3769,3769,3769,3770,3771,3767,3758,3758,3749,3774,3774,3773,3778,3775,3775,3775,3775,3776,3752,3754,3777,3727,3716,3797,3737,3736,3751,3755,3764,3765,3747,3747,3747,3745,3653,3718,3704,3702,3704,3704,3702,3738,3696,3681,3690,3691,3691,3701,3677,3676,3568,3609,3607,3611,3604,3628,3615,3626,3569,3577,3562,3575,5582,5579,5565,5421,5421,5473,5435,5448,5701,6294,5942,5850,5810,5656,5761,5766,5850,5653,5650,5654,5564,5641,5522,5839,5457,5309,5272,5406,5401,5396,5308,5283,5255,5276,5230,5227,5250,5239,5134,5257,4965,4805
P. chlororaphis subsp. aureofaciens ChPhzTR38,3755,3755,3756,3753,3754,3699,3690,3679,3744,3743,3743,3744,3744,3730,3735,3767,3769,3766,3770,3776,3775,3763,3767,3771,3749,3746,3732,3761,3763,3763,3760,3759,3759,3759,3760,3761,3758,3749,3749,3741,3762,3762,3766,3765,3762,3762,3762,3762,3763,3743,3746,3761,3717,3701,3784,3722,3721,3748,3744,3759,3758,3733,3733,3733,3731,3644,3708,3696,3694,3696,3696,3694,3723,3691,3670,3680,3681,3681,3695,3671,3672,3557,3593,3591,3593,3591,3621,3598,3587,3530,3539,3523,3558,5503,5500,5502,5397,5394,5436,5420,5415,5689,5942,6092,5819,5721,5637,5683,5697,5769,5640,5606,5615,5538,5622,5518,5742,5446,5288,5247,5276,5271,5266,5280,5259,5230,5229,5207,5204,5221,5210,5106,5247,4915,4781
P. chlororaphis subsp. aureofaciens ChPhzTR18,3751,3751,3752,3749,3750,3695,3685,3678,3741,3740,3740,3741,3741,3727,3737,3762,3773,3770,3770,3772,3771,3759,3765,3777,3748,3745,3736,3760,3768,3768,3761,3760,3760,3760,3761,3762,3758,3743,3743,3734,3761,3761,3758,3765,3756,3756,3756,3756,3757,3740,3740,3760,3709,3699,3806,3723,3713,3734,3741,3753,3751,3727,3727,3727,3725,3644,3702,3722,3720,3722,3722,3720,3714,3680,3667,3674,3675,3675,3680,3659,3657,3549,3582,3582,3578,3585,3616,3585,3607,3551,3559,3545,3569,5396,5393,5402,5396,5389,5455,5395,5402,5662,5850,5819,6075,5753,5670,5658,5616,5675,5620,5633,5620,5518,5610,5494,5665,5425,5280,5243,5301,5296,5291,5271,5270,5238,5244,5205,5202,5233,5222,5106,5241,4955,4816
P. chlororaphis PA23,3770,3770,3771,3768,3769,3714,3705,3694,3750,3749,3749,3750,3750,3736,3746,3785,3775,3772,3775,3787,3786,3774,3780,3781,3762,3759,3738,3767,3777,3777,3777,3776,3776,3776,3777,3778,3773,3752,3752,3742,3769,3769,3766,3771,3768,3769,3769,3768,3769,3750,3760,3774,3716,3703,3818,3731,3721,3758,3762,3770,3767,3737,3737,3737,3735,3667,3723,3742,3740,3743,3742,3740,3737,3698,3683,3691,3692,3692,3705,3679,3682,3572,3618,3618,3617,3616,3628,3613,3643,3587,3595,3581,3603,5391,5388,5384,5399,5382,5428,5371,5402,5643,5810,5721,5753,6286,5700,5674,5559,5689,5625,5644,5596,5581,5647,5470,5581,5416,5307,5268,5351,5346,5341,5262,5248,5254,5250,5211,5209,5241,5233,5131,5228,4990,4831
P. chlororaphis YL-1,3771,3771,3772,3770,3770,3716,3707,3695,3753,3752,3752,3751,3750,3742,3747,3773,3757,3757,3767,3787,3788,3783,3778,3790,3755,3752,3726,3770,3760,3757,3768,3767,3768,3769,3769,3768,3767,3746,3746,3741,3763,3765,3771,3766,3765,3765,3766,3765,3765,3741,3766,3768,3709,3694,3806,3734,3717,3741,3749,3759,3761,3729,3729,3729,3727,3658,3696,3725,3723,3725,3725,3723,3734,3689,3688,3690,3690,3690,3693,3671,3672,3560,3613,3611,3609,3615,3626,3600,3625,3569,3580,3563,3601,5425,5423,5428,5436,5413,5480,5430,5440,5666,5656,5637,5670,5700,6059,5718,5600,5615,5685,5678,5649,5616,5605,5530,5490,5434,5288,5264,5276,5272,5266,5300,5268,5237,5232,5198,5198,5228,5227,5111,5252,4935,4832
P. chlororaphis subsp. aureofaciens NBRC 3521,3769,3769,3770,3767,3768,3712,3703,3695,3757,3755,3755,3756,3755,3743,3755,3777,3774,3772,3780,3781,3782,3770,3773,3783,3761,3759,3737,3766,3772,3773,3763,3763,3764,3763,3765,3765,3761,3752,3752,3743,3774,3775,3773,3774,3774,3775,3774,3773,3774,3744,3758,3770,3714,3702,3791,3741,3732,3744,3747,3762,3767,3729,3729,3729,3727,3652,3702,3728,3726,3728,3728,3726,3726,3690,3674,3681,3682,3683,3693,3672,3670,3548,3606,3606,3603,3603,3621,3601,3624,3568,3576,3563,3595,5504,5502,5491,5376,5377,5432,5380,5392,5632,5761,5683,5658,5674,5718,6207,5753,5692,5612,5685,5660,5641,5598,5476,5578,5398,5277,5263,5300,5295,5289,5253,5218,5255,5246,5207,5211,5219,5214,5101,5219,4959,4827
P. chlororaphis subsp. aureofaciens ChPhzTR36,3748,3748,3749,3746,3747,3691,3684,3674,3739,3738,3738,3739,3739,3725,3729,3762,3757,3754,3765,3772,3771,3760,3761,3769,3745,3741,3727,3748,3748,3749,3745,3743,3743,3743,3744,3746,3742,3746,3746,3735,3757,3757,3755,3756,3756,3756,3756,3756,3758,3734,3740,3753,3711,3696,3757,3713,3712,3727,3727,3742,3740,3714,3714,3714,3712,3629,3687,3682,3680,3682,3682,3680,3703,3671,3658,3662,3663,3664,3682,3658,3653,3538,3590,3588,3595,3593,3613,3596,3587,3531,3540,3524,3555,5512,5509,5511,5401,5385,5414,5399,5391,5616,5766,5697,5616,5559,5600,5753,6025,5688,5585,5633,5624,5553,5547,5447,5565,5362,5257,5244,5259,5254,5248,5274,5256,5241,5229,5185,5184,5221,5211,5107,5226,4875,4760
P. sp. RW409,3733,3733,3734,3731,3732,3678,3668,3658,3725,3725,3725,3725,3725,3711,3715,3747,3750,3747,3750,3754,3753,3743,3748,3751,3761,3758,3743,3739,3744,3744,3739,3739,3740,3739,3740,3740,3738,3730,3730,3724,3747,3746,3746,3743,3746,3746,3747,3747,3748,3723,3728,3742,3708,3690,3764,3713,3712,3731,3730,3749,3745,3722,3722,3722,3720,3640,3707,3693,3691,3694,3693,3691,3706,3674,3688,3667,3668,3668,3683,3660,3657,3551,3589,3587,3594,3585,3607,3593,3613,3555,3564,3548,3559,5501,5498,5508,5390,5389,5445,5402,5429,5649,5850,5769,5675,5689,5615,5692,5688,6239,5637,5600,5599,5535,5621,5487,5636,5411,5281,5250,5302,5298,5293,5260,5268,5244,5234,5204,5202,5235,5226,5114,5238,4914,4757
P. sp. GW531-T4,3746,3746,3747,3745,3745,3691,3682,3673,3744,3745,3744,3743,3744,3731,3734,3766,3765,3765,3763,3765,3764,3756,3760,3765,3744,3741,3731,3750,3759,3757,3746,3745,3745,3745,3746,3747,3744,3744,3744,3738,3756,3756,3751,3753,3753,3752,3753,3753,3753,3732,3739,3753,3711,3698,3761,3718,3712,3746,3741,3758,3755,3729,3729,3729,3727,3650,3698,3693,3691,3693,3693,3691,3723,3689,3671,3676,3676,3676,3699,3674,3676,3546,3579,3577,3582,3586,3607,3589,3580,3525,3534,3518,3545,5405,5402,5398,5406,5405,5438,5379,5397,5659,5653,5640,5620,5625,5685,5612,5585,5637,5919,5668,5632,5566,5599,5518,5485,5432,5300,5260,5252,5248,5243,5274,5264,5248,5250,5208,5204,5233,5229,5109,5229,4893,4759
P. chlororaphis O6,3765,3766,3766,3764,3764,3710,3699,3689,3743,3743,3742,3744,3743,3730,3740,3773,3770,3767,3770,3781,3781,3771,3777,3782,3762,3758,3731,3763,3764,3764,3768,3768,3768,3768,3769,3769,3766,3749,3749,3738,3759,3760,3757,3758,3755,3755,3756,3755,3757,3736,3750,3765,3708,3698,3767,3717,3711,3729,3739,3751,3752,3726,3726,3726,3724,3650,3696,3689,3687,3689,3689,3687,3727,3683,3674,3677,3678,3678,3683,3663,3661,3549,3590,3589,3593,3596,3610,3585,3583,3528,3537,3523,3558,5412,5410,5410,5423,5409,5456,5398,5431,5649,5650,5606,5633,5644,5678,5685,5633,5600,5668,6174,5656,5597,5607,5487,5470,5399,5300,5271,5305,5300,5294,5292,5280,5255,5250,5202,5199,5231,5223,5123,5227,4917,4805
P. chlororaphis subsp. aureofaciens C50,3764,3764,3765,3763,3763,3708,3698,3689,3754,3753,3753,3754,3754,3740,3736,3767,3767,3764,3774,3780,3779,3768,3767,3782,3752,3748,3735,3763,3763,3764,3761,3759,3759,3759,3760,3762,3758,3756,3756,3742,3768,3768,3766,3765,3764,3764,3764,3764,3766,3744,3749,3771,3713,3708,3768,3715,3715,3744,3750,3757,3760,3736,3736,3736,3734,3639,3703,3698,3696,3698,3698,3696,3726,3687,3674,3681,3682,3683,3693,3672,3671,3552,3590,3588,3594,3596,3617,3604,3596,3540,3548,3533,3559,5426,5425,5393,5413,5414,5447,5409,5388,5655,5654,5615,5620,5596,5649,5660,5624,5599,5632,5656,5890,5668,5589,5482,5495,5417,5281,5260,5288,5283,5277,5292,5265,5244,5260,5205,5203,5227,5216,5111,5235,4922,4763
P. chlororaphis JV395B,3742,3742,3743,3741,3741,3687,3678,3669,3725,3725,3725,3725,3724,3716,3714,3759,3744,3743,3748,3762,3763,3752,3755,3763,3741,3737,3715,3742,3740,3739,3742,3740,3740,3742,3741,3742,3740,3728,3728,3719,3746,3747,3744,3742,3744,3744,3745,3744,3745,3721,3738,3751,3690,3675,3749,3696,3693,3716,3725,3740,3729,3703,3703,3703,3701,3630,3683,3670,3668,3670,3670,3668,3703,3665,3653,3662,3663,3664,3671,3649,3649,3536,3584,3582,3583,3584,3595,3575,3569,3514,3524,3510,3546,5354,5352,5349,5354,5350,5403,5345,5358,5575,5564,5538,5518,5581,5616,5641,5553,5535,5566,5597,5668,6004,5542,5428,5399,5343,5248,5224,5243,5238,5232,5229,5199,5204,5214,5174,5176,5189,5180,5088,5186,4894,4761
P. chlororaphis subsp. aureofaciens CD,3754,3754,3755,3752,3753,3697,3689,3678,3740,3739,3739,3740,3740,3726,3733,3783,3761,3758,3765,3770,3769,3757,3762,3769,3760,3757,3728,3750,3758,3758,3751,3750,3751,3750,3751,3752,3749,3742,3742,3736,3758,3758,3756,3758,3758,3758,3758,3758,3759,3735,3744,3755,3731,3711,3767,3725,3714,3741,3740,3755,3755,3723,3723,3723,3721,3663,3731,3692,3690,3692,3692,3690,3717,3685,3663,3671,3672,3672,3690,3667,3667,3555,3583,3581,3588,3590,3612,3593,3610,3552,3562,3549,3545,5376,5373,5366,5379,5370,5412,5376,5370,5635,5641,5622,5610,5647,5605,5598,5547,5621,5599,5607,5589,5542,5965,5474,5463,5401,5302,5273,5287,5282,5277,5250,5256,5270,5256,5221,5218,5246,5235,5127,5209,4902,4817
P. chlororaphis subsp. chlororaphis GP72,3649,3649,3650,3647,3648,3598,3590,3577,3644,3642,3642,3642,3641,3632,3634,3661,3658,3657,3664,3668,3668,3660,3664,3669,3651,3648,3630,3649,3660,3658,3660,3660,3660,3660,3661,3661,3660,3645,3645,3640,3663,3664,3661,3658,3663,3663,3663,3663,3663,3639,3645,3655,3617,3602,3674,3620,3615,3647,3646,3666,3656,3635,3635,3635,3633,3549,3616,3596,3594,3596,3596,3594,3624,3593,3575,3575,3575,3575,3596,3576,3577,3455,3497,3495,3497,3505,3520,3496,3488,3439,3444,3432,3458,5273,5270,5267,5271,5262,5300,5243,5263,5546,5522,5518,5494,5470,5530,5476,5447,5487,5518,5487,5482,5428,5474,5897,5356,5314,5160,5112,5122,5117,5112,5131,5129,5103,5113,5072,5073,5086,5081,4982,5119,4771,4658
P. chlororaphis subsp. aureofaciens ChPhzTR39,3695,3695,3696,3693,3697,3640,3634,3623,3685,3685,3685,3685,3686,3672,3670,3699,3697,3695,3705,3712,3711,3701,3699,3715,3682,3679,3665,3697,3697,3696,3699,3698,3698,3698,3699,3700,3696,3681,3681,3673,3699,3699,3694,3698,3699,3699,3699,3699,3700,3676,3678,3700,3652,3642,3717,3659,3659,3679,3685,3694,3690,3673,3673,3673,3671,3579,3645,3633,3631,3633,3633,3631,3664,3626,3613,3615,3616,3616,3632,3610,3607,3496,3535,3533,3537,3530,3551,3542,3536,3479,3488,3473,3502,5396,5394,5382,5264,5256,5308,5258,5276,5514,5839,5742,5665,5581,5490,5578,5565,5636,5485,5470,5495,5399,5463,5356,6283,5328,5157,5127,5198,5195,5190,5164,5134,5111,5123,5078,5077,5093,5085,4987,5112,4830,4678
P. chlororaphis subsp. aureofaciens ChPhzS23,3643,3643,3644,3641,3642,3592,3596,3579,3635,3635,3635,3635,3636,3624,3627,3655,3658,3656,3659,3663,3662,3652,3656,3660,3645,3644,3622,3654,3649,3648,3648,3647,3647,3647,3648,3649,3646,3640,3640,3633,3655,3655,3659,3654,3654,3654,3654,3654,3655,3632,3645,3649,3610,3602,3665,3616,3613,3638,3637,3654,3648,3624,3624,3624,3622,3540,3610,3591,3590,3591,3591,3590,3616,3583,3568,3580,3581,3581,3595,3571,3572,3454,3487,3485,3487,3494,3520,3501,3488,3433,3441,3427,3450,5210,5209,5201,5224,5213,5250,5217,5190,5522,5457,5446,5425,5416,5434,5398,5362,5411,5432,5399,5417,5343,5401,5314,5328,6100,5098,5075,5086,5085,5081,5098,5070,5055,5052,5016,5013,5048,5038,4920,5045,4734,4604
P. chlororaphis JV497,3775,3775,3776,3774,3774,3720,3711,3701,3775,3775,3774,3776,3774,3762,3775,3782,3780,3779,3781,3783,3784,3774,3782,3797,3786,3785,3749,3769,3775,3773,3778,3779,3778,3778,3780,3780,3778,3773,3773,3765,3796,3796,3793,3792,3796,3796,3796,3796,3797,3778,3782,3776,3745,3735,3778,3767,3740,3753,3752,3767,3785,3728,3728,3728,3726,3661,3727,3705,3704,3705,3705,3704,3751,3721,3698,3693,3693,3693,3710,3691,3691,3558,3608,3606,3623,3604,3612,3610,3607,3553,3562,3547,3557,5236,5232,5223,5243,5223,5252,5255,5231,5311,5309,5288,5280,5307,5288,5277,5257,5281,5300,5300,5281,5248,5302,5160,5157,5098,6075,5550,5289,5285,5281,5270,5340,5367,5333,5277,5276,5330,5327,5161,5102,4919,4762
P. sp. 09C 129,3785,3785,3786,3783,3784,3730,3721,3711,3784,3783,3782,3784,3784,3770,3774,3792,3795,3792,3795,3797,3796,3784,3793,3798,3782,3779,3757,3776,3782,3782,3786,3785,3785,3785,3786,3787,3784,3783,3783,3773,3802,3802,3799,3801,3807,3807,3807,3807,3808,3785,3787,3785,3745,3728,3782,3758,3742,3750,3749,3766,3780,3736,3736,3736,3734,3656,3714,3705,3704,3705,3705,3704,3751,3725,3697,3705,3706,3706,3727,3693,3693,3569,3619,3617,3619,3604,3636,3641,3623,3566,3574,3560,3557,5243,5240,5228,5270,5224,5265,5245,5241,5281,5272,5247,5243,5268,5264,5263,5244,5250,5260,5271,5260,5224,5273,5112,5127,5075,5550,5993,5345,5337,5332,5328,5314,5315,5290,5263,5262,5293,5289,5154,5074,4856,4764
P. chlororaphis subsp. piscium ATCC 17809,3780,3780,3781,3778,3779,3724,3714,3703,3776,3775,3775,3776,3776,3762,3773,3781,3786,3783,3785,3794,3793,3781,3780,3795,3796,3792,3777,3772,3777,3778,3787,3785,3785,3785,3786,3788,3783,3769,3769,3758,3794,3794,3789,3793,3794,3794,3794,3794,3796,3769,3777,3778,3738,3712,3803,3741,3740,3752,3751,3768,3772,3748,3748,3748,3746,3670,3727,3710,3709,3710,3710,3709,3734,3707,3746,3706,3707,3708,3721,3703,3693,3570,3615,3615,3611,3620,3634,3641,3684,3625,3632,3620,3570,5269,5265,5239,5270,5218,5221,5239,5216,5300,5406,5276,5301,5351,5276,5300,5259,5302,5252,5305,5288,5243,5287,5122,5198,5086,5289,5345,6301,6284,6274,5634,5129,5171,5129,5081,5083,5151,5145,5024,5067,4847,4802
P. chlororaphis NCTC7357,3778,3778,3779,3776,3777,3722,3712,3701,3774,3773,3773,3774,3774,3760,3771,3779,3784,3781,3783,3792,3791,3779,3778,3793,3793,3789,3774,3770,3775,3776,3785,3783,3783,3783,3784,3786,3781,3767,3767,3756,3792,3792,3787,3791,3792,3792,3792,3792,3794,3767,3775,3776,3736,3710,3801,3739,3738,3750,3749,3766,3770,3746,3746,3746,3744,3668,3725,3708,3707,3708,3708,3707,3732,3705,3743,3704,3705,3706,3719,3701,3691,3568,3613,3613,3609,3618,3632,3639,3682,3623,3630,3618,3568,5265,5261,5235,5265,5214,5217,5235,5211,5295,5401,5271,5296,5346,5272,5295,5254,5298,5248,5300,5283,5238,5282,5117,5195,5085,5285,5337,6284,6295,6272,5631,5125,5167,5125,5077,5079,5147,5141,5020,5063,4843,4799
P. chlororaphis subsp. piscium ATCC 17411,3775,3775,3776,3773,3774,3719,3709,3698,3771,3770,3770,3771,3771,3757,3768,3776,3781,3778,3780,3789,3788,3776,3775,3790,3791,3787,3772,3767,3772,3773,3782,3780,3780,3780,3781,3783,3778,3764,3764,3753,3789,3789,3784,3788,3789,3789,3789,3789,3791,3764,3772,3773,3733,3707,3798,3736,3735,3747,3746,3763,3767,3743,3743,3743,3741,3665,3722,3705,3704,3705,3705,3704,3729,3702,3741,3701,3702,3703,3716,3698,3688,3565,3610,3610,3606,3615,3629,3636,3679,3620,3627,3615,3565,5260,5256,5230,5260,5208,5211,5230,5206,5290,5396,5266,5291,5341,5266,5289,5248,5293,5243,5294,5277,5232,5277,5112,5190,5081,5281,5332,6274,6272,6306,5624,5121,5163,5120,5072,5074,5141,5135,5018,5057,4840,4794
P. chlororaphis WS 5014,3766,3766,3767,3764,3765,3712,3701,3689,3761,3760,3760,3761,3761,3747,3753,3771,3768,3765,3772,3781,3780,3769,3770,3781,3758,3754,3735,3760,3760,3761,3766,3764,3764,3764,3765,3767,3763,3761,3761,3753,3778,3778,3778,3781,3776,3776,3776,3776,3778,3759,3760,3767,3730,3706,3786,3720,3718,3745,3740,3754,3753,3736,3736,3736,3734,3652,3704,3696,3695,3696,3696,3695,3723,3698,3698,3692,3693,3694,3715,3694,3692,3569,3613,3611,3604,3610,3625,3630,3629,3573,3580,3566,3575,5279,5277,5254,5290,5247,5245,5255,5253,5306,5308,5280,5271,5262,5300,5253,5274,5260,5274,5292,5292,5229,5250,5131,5164,5098,5270,5328,5634,5631,5624,5905,5162,5156,5116,5090,5090,5146,5140,5009,5095,4813,4780
P. sp. NFPP07,3770,3770,3771,3768,3769,3714,3706,3693,3774,3773,3773,3774,3774,3760,3762,3783,3778,3776,3783,3787,3786,3775,3783,3783,3765,3763,3749,3770,3770,3770,3772,3771,3771,3771,3772,3773,3770,3765,3765,3755,3772,3772,3770,3771,3776,3779,3779,3776,3777,3754,3760,3773,3739,3725,3746,3706,3699,3748,3744,3758,3758,3724,3724,3724,3722,3639,3708,3698,3696,3698,3698,3696,3724,3691,3678,3682,3683,3683,3701,3669,3672,3556,3570,3568,3575,3560,3579,3573,3555,3499,3508,3492,3548,5304,5301,5297,5308,5313,5308,5281,5286,5284,5283,5259,5270,5248,5268,5218,5256,5268,5264,5280,5265,5199,5256,5129,5134,5070,5340,5314,5129,5125,5121,5162,5892,5504,5464,5435,5432,5472,5471,5311,5143,4910,4729
P. chlororaphis subsp. aureofaciens 30-84,3763,3763,3764,3761,3762,3706,3698,3685,3751,3750,3750,3751,3751,3737,3739,3772,3765,3763,3770,3775,3774,3763,3770,3770,3758,3755,3735,3757,3762,3762,3756,3755,3755,3755,3756,3757,3754,3753,3753,3745,3765,3765,3762,3763,3765,3765,3765,3765,3766,3741,3749,3761,3721,3711,3744,3698,3694,3738,3733,3748,3748,3712,3712,3712,3710,3632,3692,3692,3690,3692,3692,3690,3711,3679,3661,3672,3673,3673,3686,3657,3660,3532,3550,3548,3559,3556,3578,3564,3550,3495,3503,3490,3535,5270,5267,5270,5282,5286,5279,5263,5271,5263,5255,5230,5238,5254,5237,5255,5241,5244,5248,5255,5244,5204,5270,5103,5111,5055,5367,5315,5171,5167,5163,5156,5504,5825,5499,5462,5461,5494,5486,5329,5112,4906,4739
P. chlororaphis 48B8,3773,3773,3774,3771,3772,3717,3708,3696,3766,3764,3764,3765,3765,3752,3750,3769,3768,3765,3773,3773,3772,3761,3770,3776,3757,3754,3734,3763,3762,3762,3770,3769,3769,3769,3770,3771,3767,3758,3758,3749,3773,3773,3769,3768,3773,3773,3773,3773,3773,3749,3758,3769,3724,3718,3751,3703,3699,3739,3742,3753,3751,3719,3719,3719,3717,3629,3692,3682,3681,3682,3682,3681,3723,3685,3671,3682,3683,3683,3696,3668,3670,3542,3559,3557,3568,3557,3578,3579,3563,3507,3517,3503,3545,5308,5305,5265,5268,5276,5287,5249,5255,5254,5276,5229,5244,5250,5232,5246,5229,5234,5250,5250,5260,5214,5256,5113,5123,5052,5333,5290,5129,5125,5120,5116,5464,5499,5819,5471,5470,5469,5460,5338,5101,4900,4739
P. sp. NFIX51,3750,3750,3751,3748,3749,3694,3686,3674,3740,3739,3739,3740,3740,3726,3729,3761,3757,3755,3760,3763,3762,3751,3759,3759,3748,3745,3728,3744,3753,3753,3745,3744,3744,3744,3745,3746,3743,3744,3744,3734,3755,3755,3752,3753,3753,3753,3753,3753,3754,3731,3738,3750,3724,3708,3733,3699,3676,3732,3729,3746,3760,3700,3700,3700,3698,3618,3680,3675,3673,3675,3675,3673,3722,3691,3651,3663,3664,3664,3683,3660,3659,3534,3570,3568,3571,3558,3579,3573,3555,3499,3508,3495,3534,5242,5239,5224,5215,5230,5237,5198,5214,5224,5230,5207,5205,5211,5198,5207,5185,5204,5208,5202,5205,5174,5221,5072,5078,5016,5277,5263,5081,5077,5072,5090,5435,5462,5471,5729,5719,5448,5440,5290,5099,4859,4684
P. sp. NFACC41-3,3752,3752,3753,3750,3751,3696,3688,3677,3743,3742,3742,3743,3742,3729,3732,3763,3759,3757,3762,3765,3766,3755,3761,3762,3751,3748,3731,3747,3755,3755,3747,3747,3748,3748,3749,3748,3746,3746,3746,3737,3759,3759,3754,3755,3757,3757,3757,3757,3758,3734,3741,3752,3727,3711,3735,3702,3679,3735,3732,3751,3763,3703,3703,3703,3701,3621,3684,3676,3674,3676,3676,3674,3725,3694,3654,3665,3666,3666,3686,3663,3661,3535,3573,3571,3574,3561,3579,3575,3558,3502,3511,3498,3537,5241,5238,5223,5213,5231,5237,5200,5212,5221,5227,5204,5202,5209,5198,5211,5184,5202,5204,5199,5203,5176,5218,5073,5077,5013,5276,5262,5083,5079,5074,5090,5432,5461,5470,5719,5729,5446,5439,5287,5097,4860,4684
P. chlororaphis ATCC 17415,3756,3756,3757,3754,3755,3701,3695,3683,3746,3745,3745,3746,3746,3732,3735,3765,3764,3761,3765,3768,3767,3756,3767,3766,3757,3754,3735,3750,3763,3763,3755,3754,3754,3754,3755,3756,3753,3752,3752,3744,3766,3766,3761,3766,3760,3760,3760,3760,3761,3742,3746,3757,3726,3732,3747,3715,3686,3733,3732,3750,3763,3730,3730,3730,3728,3635,3692,3688,3686,3688,3688,3686,3721,3691,3684,3670,3671,3671,3689,3658,3664,3543,3594,3592,3595,3555,3582,3567,3571,3512,3523,3507,3556,5291,5288,5291,5290,5313,5284,5284,5279,5252,5250,5221,5233,5241,5228,5219,5221,5235,5233,5231,5227,5189,5246,5086,5093,5048,5330,5293,5151,5147,5141,5146,5472,5494,5469,5448,5446,5853,5818,5319,5105,4921,4731
P. chlororaphis HAMBI_1977,3756,3756,3757,3754,3755,3701,3693,3680,3747,3746,3746,3746,3747,3734,3736,3765,3764,3762,3766,3768,3768,3758,3767,3767,3758,3755,3735,3751,3764,3763,3757,3756,3758,3758,3758,3758,3755,3752,3752,3745,3768,3768,3762,3765,3762,3762,3762,3762,3762,3742,3746,3757,3727,3733,3748,3716,3687,3733,3732,3752,3763,3730,3730,3730,3728,3635,3692,3688,3686,3688,3688,3686,3723,3693,3686,3671,3672,3672,3691,3660,3666,3545,3596,3594,3596,3557,3583,3567,3572,3513,3524,3508,3557,5284,5281,5285,5283,5304,5278,5276,5271,5241,5239,5210,5222,5233,5227,5214,5211,5226,5229,5223,5216,5180,5235,5081,5085,5038,5327,5289,5145,5141,5135,5140,5471,5486,5460,5440,5439,5818,5842,5312,5095,4916,4730
P. chlororaphis,3701,3701,3702,3699,3700,3646,3638,3630,3690,3689,3689,3691,3691,3678,3679,3713,3706,3704,3709,3713,3712,3701,3709,3711,3696,3693,3675,3696,3700,3700,3694,3693,3693,3693,3694,3695,3692,3691,3691,3684,3704,3704,3703,3705,3702,3702,3702,3702,3703,3682,3691,3701,3677,3661,3679,3631,3624,3670,3670,3692,3687,3651,3651,3651,3649,3579,3639,3627,3625,3627,3627,3625,3654,3624,3601,3615,3616,3616,3631,3598,3602,3490,3516,3513,3525,3521,3528,3515,3504,3452,3458,3446,3496,5179,5176,5156,5169,5175,5163,5155,5169,5128,5134,5106,5106,5131,5111,5101,5107,5114,5109,5123,5111,5088,5127,4982,4987,4920,5161,5154,5024,5020,5018,5009,5311,5329,5338,5290,5287,5319,5312,5943,5024,4882,4653
P. chlororaphis subsp. aurantiaca JD37,3737,3737,3738,3735,3736,3686,3673,3663,3720,3720,3720,3720,3719,3707,3719,3750,3736,3735,3739,3755,3755,3746,3751,3762,3736,3733,3706,3739,3735,3733,3735,3735,3735,3735,3736,3736,3734,3720,3720,3716,3736,3736,3738,3737,3735,3735,3735,3735,3736,3713,3729,3744,3724,3705,3725,3700,3687,3724,3737,3731,3746,3702,3702,3702,3700,3642,3690,3684,3682,3684,3684,3682,3713,3671,3662,3656,3656,3656,3667,3655,3654,3544,3589,3588,3591,3578,3580,3567,3566,3509,3517,3503,3567,5281,5277,5292,5307,5279,5299,5283,5341,5265,5257,5247,5241,5228,5252,5219,5226,5238,5229,5227,5235,5186,5209,5119,5112,5045,5102,5074,5067,5063,5057,5095,5143,5112,5101,5099,5097,5105,5095,5024,5828,4833,4706
P. chlororaphis B25,3644,3644,3645,3642,3643,3593,3580,3574,3632,3632,3632,3632,3631,3619,3632,3658,3647,3646,3649,3662,3662,3653,3652,3678,3653,3652,3621,3643,3640,3638,3644,3644,3644,3644,3645,3645,3643,3631,3631,3626,3647,3647,3641,3641,3647,3647,3647,3647,3648,3625,3642,3652,3620,3605,3672,3607,3599,3631,3637,3643,3653,3608,3608,3608,3606,3587,3612,3631,3629,3631,3631,3629,3622,3586,3592,3598,3598,3598,3612,3591,3584,3478,3497,3495,3484,3476,3466,3449,3498,3443,3453,3441,3480,4906,4902,4913,4910,4918,4940,4900,4925,4913,4965,4915,4955,4990,4935,4959,4875,4914,4893,4917,4922,4894,4902,4771,4830,4734,4919,4856,4847,4843,4840,4813,4910,4906,4900,4859,4860,4921,4916,4882,4833,6150,4539
P. sp. MRSN12121,3723,3723,3724,3721,3723,3669,3659,3654,3720,3720,3719,3720,3719,3707,3720,3759,3736,3736,3742,3747,3747,3737,3745,3760,3760,3759,3698,3733,3715,3713,3721,3721,3721,3721,3722,3722,3720,3712,3712,3709,3725,3725,3727,3731,3731,3732,3732,3731,3732,3715,3720,3721,3733,3694,3759,3730,3699,3698,3701,3724,3722,3688,3688,3688,3686,3689,3725,3693,3691,3693,3694,3692,3677,3650,3646,3661,3662,3662,3664,3644,3631,3531,3581,3579,3554,3546,3566,3543,3647,3586,3595,3582,3576,4845,4841,4805,4826,4799,4806,4803,4848,4822,4805,4781,4816,4831,4832,4827,4760,4757,4759,4805,4763,4761,4817,4658,4678,4604,4762,4764,4802,4799,4794,4780,4729,4739,4739,4684,4684,4731,4730,4653,4706,4539,6234
